source_id,ra,dec,l,b,parallax,pmra,pmdec,parallax_error,pmra_error,pmdec_error,ruwe,bp_g,bp_rp,dr2_radial_velocity,dr2_radial_velocity_error,pm,Simbad,main_id,main_type,sp_type,radvel,vtan,plx,gal_cord,gal_Y,gal_X,plx_err,pmra,pm,pmdec,B,V,gal_Z
938228841240985728,98.90685277956142,32.57680165742925,181.9039154429051,11.175725850950892,2.4354472322923324,-3.2937191827975076,-2.1010652294008554,0.04006429,0.040877823,0.032985393,1.0204048,-0.03274727,-0.0644865,,,3.9067967,Simbad,V* V459 Aur,EB*,B8,-98.2,7.620203100774839,2.4354,"(-0.004723121064176342, -0.13352817143081583, 0.3882636096641687)",(-0.13352817143081583),(-0.004723121064176342),0.0401,-3.294,3.9069984634509654,-2.101,7.7,7.77,0.3882636096641687
272162358041333760,68.06862724538621,53.14370959465997,152.5018185285361,3.4548237742321977,0.9998267910372811,-0.0350882886412327,-1.1816930247200994,0.016576748,0.014922547,0.012530958,0.86253923,0.25192928,0.6796427,,,1.1822139,Simbad,BD+52   840,Star,OB-,-90.404,5.61808442314675,0.9998,"(-0.38319656727283, -0.5976100330566019, 0.7045727397575183)",(-0.5976100330566019),(-0.38319656727283),0.0166,-0.035,1.1825180957208026,-1.182,10.5,10.07,0.7045727397575183
190835189486719616,83.05770825764375,40.066086383049154,169.10814436250732,3.5985795104985967,0.17020511347641132,0.22374041312392873,0.8428408260013506,0.018323498,0.02296689,0.015946688,1.2984022,0.31941414,0.83215714,52.101414,17.753748,0.87203234,Simbad,BD+39  1328,BlueSG*,O8.5Iab(n)(f),-71.9,24.343131148187396,0.1702,"(-0.8302183421138368, -3.0625978372279707, 4.944899817688637)",(-3.0625978372279707),(-0.8302183421138368),0.0183,0.224,0.8722528520768721,0.843,10.28,9.92,4.944899817688637
195645832035222400,81.65634289596129,43.01971193380546,166.05670997750806,4.344730348424417,0.2262468320299801,0.13779353200038513,0.3107467625621876,0.01757986,0.024358839,0.017419035,0.97691303,0.13536644,0.41280365,,,0.33992735,Simbad,HD 278115,Star,B0.5V,-57.3,7.144792660450772,0.2262,"(-0.8550318819914954, -2.3362587293554875, 3.6544323974428923)",(-2.3362587293554875),(-0.8550318819914954),0.0176,0.138,0.3402425465002161,0.311,10.3,10.15,3.6544323974428923
3380459705169357952,103.90499331808707,24.008020110593385,191.71859789494619,11.557895984897083,0.6736962698126829,0.2982920816409337,-1.892523801658358,0.058401834,0.0553217,0.047959313,1.0223749,-0.09845829,-0.24123526,,,1.9158874,Simbad,HD  50767,Star,B2V,-51.4,13.511183219998564,0.6737,"(0.19222861355541726, -0.3500389835237261, 1.4296107953993378)",(-0.3500389835237261),(0.19222861355541726),0.0584,0.298,1.9163123784671576,-1.893,7.59,7.75,1.4296107953993378
188530789212836864,77.22479051565136,39.48824813792436,167.0236973531636,-0.41167938743880383,0.6381539142090454,0.14215048931810798,-3.1630304681145534,0.025061354,0.030231958,0.020574138,0.8652157,0.02895546,0.14323425,,,3.166223,Simbad,HD  32989,Star,B2IV,-38.0,23.565314431852673,0.6382,"(-0.2180731693665148, -0.9193499246560592, 1.2499748529614698)",(-0.9193499246560592),(-0.2180731693665148),0.0251,0.142,3.1661859615941697,-3.163,8.05,7.99,1.2499748529614698
182722859557158272,81.34099538476485,34.173950620027405,173.26292091035913,-0.7995021415496204,0.4355477998978161,-0.25356615705267416,-1.70604407594473,0.024608864,0.02646651,0.02017394,0.96038693,0.12426853,0.39366627,,,1.7247847,Simbad,HD  35314,Star,B8,-31.1,18.812453284841794,0.4355,"(-0.09463470673470319, -1.2703839826745587, 1.910433165498291)",(-1.2703839826745587),(-0.09463470673470319),0.0246,-0.254,1.7248049114314838,-1.706,8.62,8.46,1.910433165498291
256197930243124992,74.85477323909083,48.92184629965801,158.49087582806797,3.964442975722357,0.9899481186362589,1.9229643933940037,-1.8457267090979448,0.016456496,0.021886619,0.017365064,0.8839286,0.09546757,0.30719852,,,2.6654267,Simbad,BD+48  1191,Star,B,-28.448,12.790986262398222,0.9899,"(-0.3050794339746101, -0.5754733572159025, 0.772183309296023)",(-0.5754733572159025),(-0.3050794339746101),0.0165,1.923,2.665641518079912,-1.846,9.66,9.57,0.772183309296023
271963002839779712,66.3627438471611,52.04378007676187,152.58358265707457,1.9459308008482383,0.2036740036030719,-0.17797009654863113,-0.8305827257432425,0.014376059,0.015743762,0.012799887,0.9827562,0.43584824,1.0639629,,,0.8494357,Simbad,BD+51   921,Star,B0II,-27.3,19.8173151196164,0.2037,"(-1.8148799896668937, -3.0324033655655698, 3.407460981072962)",(-3.0324033655655698),(-1.8148799896668937),0.0144,-0.178,0.8498499387223635,-0.831,10.32,9.69,3.407460981072962
208590824807687424,78.15729499220089,44.435164841190925,163.44628675966663,3.0761242282932035,0.7699303752169089,-0.5546229860659297,-1.9896884451863845,0.04701355,0.069394186,0.044167496,1.2982359,0.01685667,0.10821056,,,2.0655427,Simbad,HD  33459,Star,B8,-26.6,12.746115349668859,0.7699,"(-0.28826407518673364, -0.7266114753596709, 1.0373055380183622)",(-0.7266114753596709),(-0.28826407518673364),0.047,-0.555,2.0659441079614083,-1.99,7.8,7.77,1.0373055380183622
205501270150651648,75.55180936570811,43.86181248312773,162.78412933582533,1.2361005411670112,0.22710062307444256,0.07818412940252376,-0.482953351780007,0.014775859,0.020125834,0.015325318,1.0059811,0.59121895,1.3540459,,,0.48924094,Simbad,BD+43  1168,SG*,B9Iab,-22.0,10.23326111354687,0.2271,"(-0.953263082668918, -2.586412694555099, 3.4338345340405647)",(-2.586412694555099),(-0.953263082668918),0.0148,0.078,0.4892575993033,-0.483,10.31,9.39,3.4338345340405647
204554380182819712,72.2449448753177,43.497953685590545,161.56693372442723,-0.8542873804612193,0.9782301166725528,0.43738855045417324,-2.347518856636663,0.019701077,0.022824034,0.019888392,0.93297076,0.05730343,0.20781612,,,2.3879182,Simbad,HD 276831,Star,B5,-21.952,11.597342862025526,0.9782,"(-0.2217123775669791, -0.634309498847681, 0.7704306439540116)",(-0.634309498847681),(-0.2217123775669791),0.0197,0.437,2.3883202107564356,-2.348,9.58,9.53,0.7704306439540116
233167456611311232,61.28270498132759,44.27823083348584,155.51582152927512,-5.999205792111702,0.4358181695318224,0.3409421429751371,-2.052053668273196,0.01914368,0.018279456,0.015296522,1.0033472,0.114123344,0.35939884,,,2.080184,Simbad,HD  25517,Star,B1V,-21.0,22.672484329695298,0.4358,"(-0.5960789613872847, -1.6260470029963736, 1.505320654729779)",(-1.6260470029963736),(-0.5960789613872847),0.0191,0.341,2.0801407065849884,-2.052,9.44,9.25,1.505320654729779
189097037701668096,78.60239237672214,41.09634697592459,166.34642740701196,1.3858831600311663,0.5830452256772338,2.0873368985395584,-1.9964756790931801,0.020392213,0.024335843,0.019082816,0.7876725,0.016187668,0.097644806,,,2.8884063,Simbad,HD 277773,Star,B3,-20.9,23.528663277788375,0.583,"(-0.28217491354354957, -0.9724031973043794, 1.3845383148000145)",(-0.9724031973043794),(-0.28217491354354957),0.0204,2.087,2.887833850931514,-1.996,9.49,9.49,1.3845383148000145
184497471323752064,80.64680481184236,37.6759929364201,170.05338802722687,0.7103172589013076,0.7213697567669315,1.3049449567151956,-3.9994793622028038,0.030094078,0.040826127,0.028048873,1.0481436,0.14469624,0.45519114,,,4.206984,Simbad,HD  34921,HMXB,B0IVpe,-20.5,27.697659088101197,0.7214,"(-0.1425133756079747, -0.7682485101013496, 1.1449963416517097)",(-0.7682485101013496),(-0.1425133756079747),0.0301,1.305,4.206545660955682,-3.999,7.64,7.48,1.1449963416517097
253219387600747776,70.75821694751919,45.63039494867229,159.25782833173437,-0.2734643884802323,0.8225879220379495,0.1346812835929539,-1.7434484925582632,0.028440645,0.029448207,0.026007878,1.2965086,0.2746992,0.7394304,,,1.7486428,Simbad,BD+45   973,Star,B3V,-20.0,10.094877579776481,0.8226,"(-0.31085389415183184, -0.7575778496397476, 0.8984816796185963)",(-0.7575778496397476),(-0.31085389415183184),0.0284,0.135,1.748220288076969,-1.743,9.04,8.63,0.8984816796185963
193069745009196544,87.11331403872344,43.082630040739886,168.12305412310627,7.762143429933521,0.5210426486786671,-1.389443613219766,-2.1063285830011638,0.025828596,0.021035587,0.016432071,0.8664262,0.07248402,0.26052475,,,2.523326,Simbad,V* IY Aur,EB*,B3III,-18.641,23.000642221541046,0.521,"(-0.3651704986093883, -0.9000472144356328, 1.655477838913979)",(-0.9000472144356328),(-0.3651704986093883),0.0258,-1.389,2.5228074175876665,-2.106,9.58,9.39,1.655477838913979
977835346015315712,106.28745803119256,47.77503865177456,169.24736599958078,21.92698401571102,2.383200936676116,0.7074341062413402,-0.6912296993007339,0.029861003,0.032540698,0.029115207,0.91744703,-0.018869877,-0.008218288,,,0.989071,Simbad,HD  52860,Star,B9V,-16.5,1.970397012482598,2.3832,"(-0.11825787222172233, -0.1042145219674882, 0.3888725417558236)",(-0.1042145219674882),(-0.11825787222172233),0.0299,0.707,0.9886000047572971,-0.691,6.306,6.359,0.3888725417558236
198874681070146560,75.4533946034322,38.33469273096381,167.10928226897443,-2.206945429019563,0.9918226850815867,-0.12041992407143898,-2.5823121005750074,0.019990884,0.02556818,0.01761334,0.9917582,0.15369606,0.453907,,,2.5851183,Simbad,HD  31992,EB*,B5,-15.0,12.379248304327488,0.9918,"(-0.12364147334762501, -0.6142661596337828, 0.7899327487899055)",(-0.6142661596337828),(-0.12364147334762501),0.02,-0.12,2.5847870725376327,-2.582,9.38,9.1,0.7899327487899055
3449518346885542272,84.09440901570919,34.133822399407855,174.54835216602663,1.082216071401408,0.841636899602909,-0.1485019582854593,-3.422821317610058,0.028431527,0.03901825,0.026196284,1.080982,-0.0024442673,0.04435444,,,3.4260411,Simbad,BD+34  1107,Star,B2,-15.0,19.337745433111042,0.8416,"(-0.04454294676069813, -0.617790100089102, 1.014002537593701)",(-0.617790100089102),(-0.04454294676069813),0.0284,-0.149,3.426241383811363,-3.423,9.13,9.13,1.014002537593701
775029739076581248,162.0979663421485,37.57031039846401,183.14027402411202,62.15202221295605,0.7836898562311427,0.38937030761485847,2.1313777009050026,0.08061773,0.071640424,0.08356477,1.1129957,-0.14210558,-0.37302923,,,2.1666517,Simbad,HD  93521,Star,O9.5IIInn,-14.1,13.129405939937605,0.7837,"(-0.4846955587192455, 0.5632154498350681, 1.0373189846669666)",(0.5632154498350681),(-0.4846955587192455),0.0806,0.389,2.1662137462930353,2.131,6.79,7.03,1.0373189846669666
1012746180227105536,136.5939008246837,49.6113854636446,169.29638691291663,41.87948993589098,0.9415344440328314,2.3044362259483235,-1.3579603752130844,0.050739355,0.042178974,0.038516503,1.1254992,-0.106640816,-0.27629852,,,2.6747866,Simbad,HD  77770,Star,B2IV,-14.0,13.49287889894862,0.9415,"(-0.4287070963555255, 0.08035949489659411, 0.9684436184288954)",(0.08035949489659411),(-0.4287070963555255),0.0507,2.304,2.674430651102427,-1.358,7.301,7.485,0.9684436184288954
1671376219613009408,208.81439024367603,66.11682961939297,113.0106276167021,49.764040546844164,0.2928247652454954,1.0002826701522785,-3.6943289184883636,0.033005904,0.04023621,0.03651498,1.0162207,-0.09220886,-0.20745373,,,3.827353,Simbad,HD 121800,Star,B5V,-12.0,62.083563341959525,0.2928,"(-2.9876829234588813, 0.6181972967965705, 1.5348809280825366)",(0.6181972967965705),(-2.9876829234588813),0.033,1.0,3.8269616675449467,-3.694,8.92,9.01,1.5348809280825366
205809202125760640,76.35568977353742,45.05817134148983,162.1825802664198,2.418871464920196,1.4336131683935645,-0.19230317605756433,-1.3948160333839454,0.028259246,0.030290639,0.025323495,0.94488615,0.08155918,0.28404808,,,1.40801,Simbad,HD  32446,Star,B5III,-10.0,4.665678696616206,1.4336,"(-0.16409282695117275, -0.40070779317138194, 0.5468778736503078)",(-0.40070779317138194),(-0.16409282695117275),0.0283,-0.192,1.408150892836581,-1.395,8.42,8.28,0.5468778736503078
3449524492981239296,84.08773637254144,34.17129495378841,174.51379150687987,1.0977298381258387,0.950993654579888,-0.17865779900926962,-3.330832982799774,0.029664187,0.037592944,0.027352147,1.2267337,0.009792328,0.073843956,,,3.3356209,Simbad,LS   V +34   52,Star,B2,-10.0,16.66149270167964,0.951,"(-0.04011114457172482, -0.546756964757112, 0.8973027554680071)",(-0.546756964757112),(-0.04011114457172482),0.0297,-0.179,3.3358061360351074,-3.331,9.63,9.6,0.8973027554680071
200783570694837504,74.79532672553731,40.275933484927904,165.26499860132714,-1.413414249227771,0.7870147818993449,-0.13019541049140548,-4.978310105271849,0.018580522,0.023010202,0.019024024,0.85039794,0.03342724,0.14064693,,,4.9800124,Simbad,HD 277276,Star,B8,-8.085,30.055351605489477,0.787,"(-0.19962006248153918, -0.7741381391562467, 0.9876276214911321)",(-0.7741381391562467),(-0.19962006248153918),0.0186,-0.13,4.979697205863522,-4.978,9.54,9.54,0.9876276214911321
272065944615923072,67.21951753847391,52.38938502526419,152.69916880429284,2.563703610045187,1.3792281576225622,0.31894754691718874,-4.026771795310942,0.025539588,0.029014146,0.022380238,0.8802725,0.06010866,0.22671986,,,4.0393834,Simbad,HD  28134,Star,B5,-8.0,13.912537227332859,1.3792,"(-0.2705478825183792, -0.4415902194083635, 0.5074554685267398)",(-0.4415902194083635),(-0.2705478825183792),0.0255,0.319,4.03961496614554,-4.027,7.9,7.8,0.5074554685267398
181178389317231616,80.62208870730313,33.514011992939686,173.47164759171167,-1.6646510408460842,0.29280649562311944,-0.9044919402230558,-0.6843667868323584,0.020289902,0.023448449,0.016163599,0.9799654,0.15020561,0.4632721,,,1.1342238,Simbad,HD 242908,YSO,O4.5V(n)((fc))z,-7.5,18.390191379022927,0.2928,"(-0.10488894707175872, -1.9226478074084046, 2.8207623667611097)",(-1.9226478074084046),(-0.10488894707175872),0.0203,-0.904,1.1336101486103094,-0.684,9.28,9.084,2.8207623667611097
3431075757316582016,88.917759539356,27.715641123869172,182.18126023523453,1.2745741978618894,0.6301843980150406,-0.26864770387044257,-2.1351865545823885,0.027212353,0.026123485,0.017058954,0.9478144,0.09954691,0.33991766,,,2.1520207,Simbad,HD  39746,PulsV*,B1II,-7.0,16.21933990501539,0.6302,"(0.12265248653205157, -0.7300652283621858, 1.4035270270929279)",(-0.7300652283621858),(0.12265248653205157),0.0272,-0.269,2.1518796777023455,-2.135,7.26,7.04,1.4035270270929279
1523140405554059008,197.425058112986,38.53390799424106,105.54785829804264,77.97109184398009,3.923391286054711,-13.252273363138512,5.383725614423138,0.054037478,0.03200354,0.044339325,1.0454586,-0.09815931,-0.14646816,,,14.304099,Simbad,*  15 CVn,Star,B7III,-7.0,17.317570999066835,3.9234,"(-0.16452913548463216, 0.15641184767950467, 0.11588702980540322)",(0.15641184767950467),(-0.16452913548463216),0.054,-13.252,14.303948792197373,5.384,6.15,6.28,0.11588702980540322
214796365355579520,87.08264222226248,51.01851005234782,161.11263603407303,11.667772345775322,1.4686118149809293,3.0768048274694717,-4.130658759768897,0.029352194,0.031974554,0.023373973,0.9728633,-0.034742355,-0.053938866,,,5.1506376,Simbad,HD  38410,PulsV*,B8,-6.742,16.66034459034796,1.4686,"(-0.22054880466218357, -0.3049145941628537, 0.5674840788484722)",(-0.3049145941628537),(-0.22054880466218357),0.0294,3.077,5.151027924995363,-4.131,8.68,8.71,0.5674840788484722
1649549642491581312,246.99559580704525,68.76828974822335,101.10702333991394,37.868903135593285,6.791145270841434,-24.299129909892347,34.348879439385406,0.07477477,0.098854676,0.100906536,1.1003789,-0.0072169304,-0.021779537,,,42.074852,Simbad,*  15 Dra,Star,B9.5IV,-6.7,29.42905551115021,6.7911,"(-0.14213478021823844, 0.005716253765119257, 0.03805320758309808)",(0.005716253765119257),(-0.14213478021823844),0.0748,-24.299,42.0748757100437,34.349,4.906,4.949,0.03805320758309808
182641663196974720,81.93035080612935,34.53239855934698,173.23716456919897,-0.19571670290351628,0.48943822621679517,0.021370594037802337,-2.443323483346817,0.03118893,0.03170407,0.023300987,1.1648893,0.17163324,0.52826595,,,2.4434168,Simbad,HD  35633,Star,B0.5IV,-6.4,23.712053772056,0.4894,"(-0.09544151293554357, -1.114840547280899, 1.7097283500464233)",(-1.114840547280899),(-0.09544151293554357),0.0312,0.021,2.4430903371253434,-2.443,8.32,8.09,1.7097283500464233
3431470821291988864,89.53092766590268,28.186870473764735,182.04501038166293,1.979470310407741,0.28911589801983106,-0.5567312830296905,-1.6039032530282769,0.028091138,0.028310798,0.018276703,1.2575657,0.20640373,0.59208107,,,1.6977795,Simbad,HD  40110,Star,B9II,-6.0,27.89797808986698,0.2891,"(0.23951985508314966, -1.5628992716770571, 3.076480471761493)",(-1.5628992716770571),(0.23951985508314966),0.0281,-0.557,1.697958994456783,-1.604,8.96,8.67,3.076480471761493
186270536902360448,74.0836946922179,36.16852123898096,168.14136982815822,-4.4021732350609355,1.0609122877928858,-0.9401980247087146,-2.3186907303687416,0.032473132,0.041783046,0.0315644,1.1858536,0.21455145,0.60254717,,,2.502059,Simbad,HD  31327,Star,B2.5Ib,-5.0,11.203495587768352,1.0609,"(-0.08320870787915097, -0.5944152579388247, 0.7267970510661783)",(-0.5944152579388247),(-0.08320870787915097),0.0325,-0.94,2.502271192762956,-2.319,6.426,6.089,0.7267970510661783
3449524359839733632,84.13331750820161,34.17978266222185,174.52692898817097,1.1340832821201838,0.8560523521338977,-0.12509235764223606,-3.2576023215015537,0.022926923,0.026406433,0.019306656,0.85319793,0.0015039444,0.05555153,,,3.2600033,Simbad,BD+34  1111,Star,B2V:,-5.0,18.090041927133463,0.8561,"(-0.0446814033143146, -0.6066986247977384, 0.997170774245699)",(-0.6066986247977384),(-0.0446814033143146),0.0229,-0.125,3.2603969065562017,-3.258,9.1,9.09,0.997170774245699
200986125653454208,77.57368596400217,40.65978115717523,166.24119738315437,0.5001686818079073,0.41761683663196236,0.6160021270279045,-2.6886501036018564,0.030276721,0.036431976,0.025359996,1.130406,0.004781723,0.1272335,,,2.7583144,Simbad,HD 277680,EB*,B3,-4.2,31.378377245746012,0.4176,"(-0.37991096098234145, -1.3869354081893297, 1.9147738781030597)",(-1.3869354081893297),(-0.37991096098234145),0.0303,0.616,2.758654846707529,-2.689,8.93,8.89,1.9147738781030597
205102422309522816,75.39288811769842,43.435720586873195,163.05049954255847,0.8841788430902952,0.8126078209885621,-0.03670430502020572,-2.9760591392450406,0.030160427,0.03984981,0.032183755,0.8958699,4.6634674E-4,0.05751419,,,2.9762855,Simbad,HD  31894,Star,B2IV-V,-3.0,17.39735731465177,0.8126,"(-0.25791559379562895, -0.7269608463097773, 0.9588678478311796)",(-0.7269608463097773),(-0.25791559379562895),0.0302,-0.037,2.976230072121392,-2.976,8.49,8.49,0.9588678478311796
181182340687256960,80.34065632818269,33.3854350164109,173.44423966288292,-1.9309615965670224,0.8474083530319358,-0.5434926158355087,-3.193325507387546,0.027291734,0.030245159,0.022843827,1.0133388,-0.0134859085,0.02989769,,,3.2392457,Simbad,HD  34760,Star,B8,-1.8,18.154944996541765,0.8474,"(-0.03407487328916996, -0.6685472530888101, 0.9718398498566059)",(-0.6685472530888101),(-0.03407487328916996),0.0273,-0.543,3.23884222419788,-3.193,8.81,8.82,0.9718398498566059
278958645569563136,69.65377553765583,58.662369031342145,148.98705413851977,7.815129489979127,0.8538234260490807,0.15772424251336997,-1.7866195115811037,0.021575728,0.02199238,0.018844537,0.72613287,0.054125786,0.21484852,,,1.793568,Simbad,HD  29130,Star,B8,-1.7,9.980514577372896,0.8538,"(-0.5446695828596004, -0.6383611426720374, 0.817080365726637)",(-0.6383611426720374),(-0.5446695828596004),0.0216,0.158,1.793971228165762,-1.787,8.42,8.32,0.817080365726637
184055879966125824,80.04754599551013,36.67463199261012,170.60490517236195,-0.25225151695153736,1.3379387104352096,-0.23332043284588547,-0.6797179256419905,0.039364155,0.045712665,0.03299287,0.9339532,-0.017425537,0.004236698,,,0.71864796,Simbad,HD  34576,Star,B2V,-0.4,2.5520228054766734,1.3379,"(-0.06451208399934681, -0.4210922946440745, 0.6141546994606486)",(-0.4210922946440745),(-0.06451208399934681),0.0394,-0.233,0.7188108252620334,-0.68,7.47,7.5,0.6141546994606486
3444121565857570560,88.64894639814487,31.1653463553529,179.08129768995943,2.810235152941026,0.6078792737605405,0.7724729082707906,-3.3537802512853183,0.024163073,0.021843204,0.015061783,0.92007625,0.030899048,0.13491249,,,3.4415922,Simbad,HD 248903,Star,B3,0.0,26.892705379942242,0.6079,"(0.028118743073210495, -0.7632048944654316, 1.4569752499495143)",(-0.7632048944654316),(0.028118743073210495),0.0242,0.772,3.441700259237936,-3.354,9.7,9.66,1.4569752499495143
194649640140781184,83.36970598504897,42.10893433277995,167.51408268312701,4.9030127962033765,1.643908997706321,4.041823672883536,-4.483432618074117,0.038502987,0.04480449,0.032748185,1.0033367,0.0011487007,0.041395664,,,6.036349,Simbad,HD  36404,Star,B9IIIp:(Hg?),0.3,17.44126156083055,1.6439,"(-0.10713375952474659, -0.31184018858788043, 0.5111932228700761)",(-0.31184018858788043),(-0.10713375952474659),0.0385,4.042,6.0361453730303305,-4.483,6.53,6.54,0.5111932228700761
182631943690594816,81.77358319193853,34.325423411379376,173.3371711912301,-0.41833246295878285,0.4748814082763945,-0.002112791522089319,-2.3868051442902867,0.023836162,0.026158022,0.0181868,0.984566,0.07195473,0.2541914,,,2.386806,Simbad,HD 281151,Star,B2,2.288,23.875034294976057,0.4749,"(-0.0911833588051645, -1.1535558404571125, 1.759259556061003)",(-1.1535558404571125),(-0.0911833588051645),0.0238,-0.002,2.38700083362707,-2.387,9.59,9.48,1.759259556061003
188903145698556416,78.06240346789453,40.10154184395075,166.9115383870507,0.4702046737400127,1.7042778435010426,4.5997842582575545,-4.744173837312182,0.027076216,0.033557925,0.02455186,0.9101294,0.028623104,0.1350975,,,6.607965,Simbad,HD  33462,Star,B8,2.3,18.416917666775664,1.7043,"(-0.08702112411505523, -0.337885050556307, 0.4717392752962241)",(-0.337885050556307),(-0.08702112411505523),0.0271,4.6,6.607990237064862,-4.744,7.04,6.98,0.4717392752962241
468876464407828096,60.8152034949725,56.54024382471467,147.13668107969505,2.968889416704422,0.23302288617260836,0.18287697414447035,0.1927552268453619,0.015519522,0.016756374,0.014215919,0.91996366,0.2632475,0.71422863,,,0.26570392,Simbad,HD 237211,BlueSG*,O9.5Iab,2.446,5.422057186411796,0.233,"(-1.9414197257167456, -2.6474110840787746, 2.7644247789606986)",(-2.6474110840787746),(-1.9414197257167456),0.0155,0.183,0.2659661682580894,0.193,9.41,9.05,2.7644247789606986
468876464407828096,60.8152034949725,56.54024382471467,147.13668107969505,2.968889416704422,0.23302288617260836,0.18287697414447035,0.1927552268453619,0.015519522,0.016756374,0.014215919,0.91996366,0.2632475,0.71422863,,,0.26570392,Simbad,HD 237211,BlueSG*,O9.5Iab,2.446,5.422057186411796,0.233,"(-1.9414197257167456, -2.6474110840787746, 2.7644247789606986)",(-2.6474110840787746),(-1.9414197257167456),0.0155,0.183,0.2659661682580894,0.193,9.41,9.05,2.7644247789606986
188339852145751040,76.64288568214512,38.52223332420773,167.5260801124321,-1.3525958315739384,1.2622195642203742,-0.6674800650074599,-3.159376637551805,0.025821421,0.028921522,0.021198737,0.91503793,0.08015013,0.28154325,,,3.229116,Simbad,HD  32672,Star,B2IV,3.1,12.15027668068728,1.2622,"(-0.09793965262590555, -0.47218990139201367, 0.6285954348572141)",(-0.47218990139201367),(-0.09793965262590555),0.0258,-0.667,3.228648252814988,-3.159,7.87,7.77,0.6285954348572141
1102797861873269504,102.73787941728247,67.57195536591385,147.80215637468118,24.883352536562857,4.167637743426236,0.703671685608846,4.757127741105398,0.1299823,0.065649815,0.09855,1.3166354,-0.08028126,-0.21646261,,,4.8088894,Simbad,*  42 Cam,Star,B4IV,3.2,5.480816986529196,4.1676,"(-0.1400469087110029, -0.0671892231105406, 0.18288431506940522)",(-0.0671892231105406),(-0.1400469087110029),0.13,0.704,4.808811309875784,4.757,4.961,5.122,0.18288431506940522
1101876819022885504,111.85761158346641,66.3314424614078,149.68648674455747,28.26221349108694,4.304382063541361,-3.9532452095689914,-28.962262542595607,0.03565759,0.022528576,0.031411685,1.11614,-0.03842926,-0.07716465,,,29.23082,Simbad,HD  57742,Star,B9V,3.2,32.25652800258431,4.3044,"(-0.13374014151111246, -0.0510538917737897, 0.18297499549604085)",(-0.0510538917737897),(-0.13374014151111246),0.0357,-3.953,29.230525910758622,-28.962,6.393,6.462,0.18297499549604085
259362255991701504,70.83994223159117,49.97372091624598,156.0158116981789,2.618498807570587,4.416562489631283,-5.057211958334248,-15.071265734810595,0.071883075,0.06842759,0.04794452,1.177021,0.015879631,0.09609318,,,15.89712,Simbad,HD  29721,Star,B9III,3.4,17.09681676589241,4.4166,"(-0.07396799643579959, -0.13527979598187811, 0.16581148108965738)",(-0.13527979598187811),(-0.07396799643579959),0.0719,-5.057,15.896801013748115,-15.071,5.863,5.856,0.16581148108965738
205108813221070208,74.83853290009884,43.32336930289122,162.8907857121759,0.4975796220271089,0.9488606445262161,-0.617720497870045,-3.088697557989618,0.030451136,0.03761268,0.028685173,0.9080305,-0.019210815,0.0046076775,,,3.149862,Simbad,HD  31617,Star,B2IV,3.5,15.769326377992952,0.9489,"(-0.219946204514629, -0.6287274138888159, 0.8166573411697149)",(-0.6287274138888159),(-0.219946204514629),0.0305,-0.618,3.1502133796718246,-3.089,7.4,7.4,0.8166573411697149
187445536879319296,78.63880123654762,38.225549048079564,168.69291902217952,-0.2685500193942584,0.7465775765091139,1.2574509476475546,-3.311757704812362,0.040018678,0.04381514,0.03132155,0.9705687,0.0059366226,0.06684494,,,3.5424457,Simbad,HD  33816,Star,B5,3.903,22.53808409351981,0.7466,"(-0.15426329340601064, -0.7704666617525456, 1.0847075699791797)",(-0.7704666617525456),(-0.15426329340601064),0.04,1.257,3.5425122018414155,-3.312,8.78,8.8,1.0847075699791797
3443002812776816512,87.20412678043368,27.36376670646153,181.70993354657125,-0.21217175662227641,1.0256634687633168,-0.30177910246143264,-0.9278212112550446,0.032964543,0.038198855,0.023318525,1.0209465,0.014580727,0.107728004,,,0.97566533,Simbad,HD  38689,Star,B8,4.2,4.51939402026041,1.0257,"(0.08063295206776987, -0.4712671954403197, 0.8496595505594631)",(-0.4712671954403197),(0.08063295206776987),0.033,-0.302,0.9759036473764752,-0.928,7.776,7.74,0.8496595505594631
182993270699222144,82.93973241941552,34.88192390678495,173.4034365448089,0.6891873841799977,0.43559425922806827,-0.34975502405669784,-2.092267373008551,0.027665488,0.028192127,0.0219477,0.9370708,0.11830139,0.37998152,,,2.1212995,Simbad,HD  36212,Star,B3II,4.7,23.129272720625835,0.4356,"(-0.11855477657812291, -1.2234046516240245, 1.9389149817985656)",(-1.2234046516240245),(-0.11855477657812291),0.0277,-0.35,2.1210761025609677,-2.092,7.98,7.81,1.9389149817985656
201657068262521600,74.72272219440481,41.437392901657574,164.3188199010443,-0.7373411549172584,0.8088869810321351,-0.435462730472317,-3.1794340432299455,0.02199349,0.025931401,0.022123689,0.81698763,0.0037288666,0.0659647,,,3.2091165,Simbad,HD  31564,Star,B9,5.955,18.841589777056424,0.8089,"(-0.2188177025477592, -0.7485630970930964, 0.9592069737455216)",(-0.7485630970930964),(-0.2188177025477592),0.022,-0.435,3.2086235674746746,-3.179,9.08,9.14,0.9592069737455216
49415527182759296,64.85887727127862,21.142114709520815,174.51671555459143,-20.278941486760925,11.929966847767933,28.816245346467376,-42.87588039037422,0.08434145,0.10526124,0.07203225,0.93686914,-0.03976822,-0.09154129,,,51.659626,Simbad,*  53 Tau,RotV*alf2CVn,B9Vsp,6.1,20.56857011168163,11.93,"(0.011789029128176913, -0.0637158697987441, 0.053174090295513496)",(-0.0637158697987441),(0.011789029128176913),0.0843,28.816,51.6595889914508,-42.876,5.413,5.482,0.053174090295513496
3455980790899251328,87.12354041544967,36.21148850990665,174.08046484186485,4.2802000202718045,0.49312528718822884,-0.857342944438457,-1.789987589511998,0.020140903,0.020544525,0.012740854,1.0134879,0.14069462,0.4294262,,,1.9847147,Simbad,BD+36  1261,Star,B2III,6.6,19.117307849351672,0.4931,"(-0.14501660638921499, -0.9736396198282986, 1.7730551201738347)",(-0.9736396198282986),(-0.14501660638921499),0.0201,-0.857,1.9845777393011008,-1.79,9.31,9.12,1.7730551201738347
280298812805235456,79.86613005659909,58.117283134976944,152.70834665041951,11.745621113650914,3.198726776967314,5.853757426953107,-18.51740155312904,0.06826329,0.044543434,0.04490556,1.2474387,-0.027529716,-0.03434944,,,19.420624,Simbad,*  15 Cam,EB*,B5V,6.7,28.838745719996034,3.1987,"(-0.13844673400565924, -0.14929327412960966, 0.237233370781879)",(-0.14929327412960966),(-0.13844673400565924),0.0683,5.854,19.42031463713883,-18.517,6.088,6.125,0.237233370781879
149308357591150336,65.99903571754005,24.300941891642942,172.7629887254616,-17.392834365841892,4.713187387311956,4.976138585318958,-8.515955146567578,0.028076153,0.043192115,0.028064873,0.9838083,0.08526325,0.28902912,,,9.863237,Simbad,*  62 Tau,Star,B3V,7.2,9.94021615556884,4.7132,"(0.019430199027480024, -0.15796595298386767, 0.14030453061849255)",(-0.15796595298386767),(0.019430199027480024),0.0281,4.976,9.863205832013644,-8.516,6.499,6.337,0.14030453061849255
156980406131102720,74.63962106942448,30.69763041222864,172.75542750571,-7.4166018425414855,0.5993562591911067,1.411608540017556,-3.143032714134905,0.018029371,0.023509782,0.016027853,1.0852053,0.25414848,0.7071409,,,3.4454744,Simbad,HD 282727,PulsV*,B1.5V,7.2,27.305010347325933,0.5994,"(0.012034706529044578, -1.0645857721478553, 1.284466519309674)",(-1.0645857721478553),(0.012034706529044578),0.018,1.412,3.4456047920230928,-3.143,9.6,9.22,1.284466519309674
476270508303159296,61.96412926055141,62.33010337409664,143.6753991378126,7.658251900892483,0.8539099128128012,-0.8029722333208984,-0.8648852178409266,0.03167434,0.033988785,0.03132821,1.0285999,0.24173021,0.65812635,100.631134,10.338583,1.1801656,Simbad,HD  25639,SB*,B0III,7.3,6.56549452594965,0.8539,"(-0.6247031159544801, -0.6512977003555819, 0.7463418508705247)",(-0.6512977003555819),(-0.6247031159544801),0.0317,-0.803,1.1802686055823235,-0.865,7.24,6.86,0.7463418508705247
201197403683901568,78.01086563638827,41.89789769639067,165.43711784834662,1.497429151772736,0.9207273377177795,-0.07609016270766278,-4.139446705514839,0.019757943,0.025645845,0.0153884925,0.81165665,0.04417801,0.18111801,,,4.140146,Simbad,HD  33412,PulsV*,B8,8.02,21.357188460097962,0.9207,"(-0.1945186762217382, -0.6194874843809995, 0.8706758450293175)",(-0.6194874843809995),(-0.1945186762217382),0.0198,-0.076,4.139697622415108,-4.139,8.67,8.63,0.8706758450293175
145259990135756928,65.88492755800075,20.98189032686249,175.31707104677875,-19.665223777734738,5.8121366222327,14.292567648938807,-34.80675724840933,0.048548628,0.05688676,0.041708156,0.9916973,0.008981705,0.067807674,,,37.626957,Simbad,HD  27742,**,B8IV-V,9.0,30.751345254360032,5.8121,"(0.025322128190402842, -0.1289229280278213, 0.11108799338949255)",(-0.1289229280278213),(0.025322128190402842),0.0485,14.293,37.627345623520604,-34.807,6.01,5.986,0.11108799338949255
3441207615229815040,84.72739245821431,26.31577524440175,181.44504956690048,-2.643537066457817,0.5245380785708109,-0.5898287895613142,-2.879557993302878,0.023250582,0.030902112,0.01621094,1.2853296,0.38554764,0.9770994,,,2.9393456,Simbad,HD 245770,HMXB,O9/B0III/Ve,9.0,26.62366248727315,0.5245,"(0.18897667564102505, -0.9850774564613503, 1.621403333885947)",(-0.9850774564613503),(0.18897667564102505),0.0233,-0.59,2.9398129062418334,-2.88,9.84,9.39,1.621403333885947
945182530731075840,99.70487361444603,39.9025097898947,175.31866441625908,14.769692112844426,3.6616859709164786,-7.718293295469772,-11.191005679488889,0.11133783,0.11482876,0.101781145,1.2687396,-0.032514572,-0.053128242,,,13.594508,Simbad,* psi03 Aur,Star,B8III,9.0,17.634732717887683,3.6617,"(-0.038067009733777545, -0.08762669742531506, 0.2558408457789058)",(-0.08762669742531506),(-0.038067009733777545),0.1113,-7.718,13.594337047309788,-11.191,5.254,5.331,0.2558408457789058
3375941159058056448,95.31031508909905,21.132431463982687,190.76427291493954,3.17195488152208,2.6121159476321614,-3.4643242799045786,-0.4473717127166665,0.049528446,0.045240436,0.035910398,0.9125031,-0.048527718,-0.10312748,,,3.4930909,Simbad,HD  44171,Star,B8III,10.054,6.351375928953902,2.6121,"(0.07271401933313118, -0.13796782891835982, 0.34962727152232026)",(-0.13796782891835982),(0.07271401933313118),0.0495,-3.464,3.4927217557023273,-0.447,7.19,7.31,0.34962727152232026
188555356425677184,77.4262004342919,39.58630317595139,167.03750933387448,-0.22850941132883745,0.9153046883772283,0.26519786388455424,-2.7315297600475232,0.02391406,0.02674021,0.018507237,0.8589884,-0.005147934,0.11841774,,,2.7443733,Simbad,V* TT Aur,EB*,B2Vn,10.2,14.244407084660896,0.9153,"(-0.153518468760559, -0.6383412590084854, 0.873265020707011)",(-0.6383412590084854),(-0.153518468760559),0.0239,0.265,2.7448223095413318,-2.732,8.668,8.602,0.873265020707011
3402226702504514560,81.29323065439488,20.583705239749666,184.5796460032148,-8.39180807102889,1.105401608559473,-0.5154318713677868,-3.997531402078468,0.029628256,0.0300918,0.022209723,0.9435005,0.12694168,0.39928865,,,4.030624,Simbad,HD  35395,V*,B0.5III:,11.5,17.321700394112653,1.1054,"(0.17524795285407038, -0.5076326827361684, 0.7280032143419055)",(-0.5076326827361684),(0.17524795285407038),0.0296,-0.515,4.031033059130588,-3.998,6.981,6.757,0.7280032143419055
3430927082727147136,87.9808776643185,27.032757200206834,182.34832631871507,0.21128468639628065,0.6596928577896279,-0.3839288901058231,-2.3183192262856487,0.014771325,0.016385287,0.010420838,0.85679007,0.22691822,0.6328583,,,2.3498948,Simbad,BD+26   980,Star,O9.5V(n),12.6,16.91763010639189,0.6597,"(0.13465720800885753, -0.7165529269102449, 1.3289815095994961)",(-0.7165529269102449),(0.13465720800885753),0.0148,-0.384,2.349591617406141,-2.318,10.56,10.17,1.3289815095994961
3420435538477382400,75.32881440621418,26.534270857948716,176.47401366508612,-9.458847148024534,1.962703612437712,0.6469822736530008,-5.362321984755248,0.024814509,0.028800465,0.018189697,0.9308038,0.2380662,0.7795639,,,5.4012113,Simbad,HD  32018,Star,B2IV,13.2,13.070894702224383,1.9627,"(0.04104189731428122, -0.32415188497801073, 0.39093943599896175)",(-0.32415188497801073),(0.04104189731428122),0.0248,0.647,5.400893716677155,-5.362,7.93,7.51,0.39093943599896175
3446588045317192192,81.118161282336,30.191918929908642,176.45596413776914,-3.18915082605002,0.6478692482935842,1.1343681664368082,-1.758104759022101,0.02618016,0.03079059,0.023319306,1.2653209,0.030089378,0.13921452,,,2.092301,Simbad,HD  35215,Star,B1V,14.01,15.337342149489828,0.6479,"(0.04274463088643503, -0.8665103253357034, 1.2765440692939563)",(-0.8665103253357034),(0.04274463088643503),0.0262,1.134,2.092013421768692,-1.758,9.49,9.42,1.2765440692939563
3451167305090157568,87.97822835104225,32.239743213930474,177.86437191655313,2.861740475583449,0.5979051679595697,-0.10388865982505513,-2.325856123924322,0.02723008,0.030021511,0.019788358,1.0091634,0.04025936,0.16785812,,,2.328175,Simbad,HD  39136,Star,B3III,14.7,18.49730534242643,0.5979,"(-0.0031694979305350313, -0.7901196923158376, 1.4741186214961994)",(-0.7901196923158376),(-0.0031694979305350313),0.0272,-0.104,2.328323867804097,-2.326,8.88,8.77,1.4741186214961994
3440971843000549248,84.93423126146664,25.896994192480566,181.89901463023105,-2.7086558410918555,5.255347027016612,12.40448057240784,-22.558257297900923,0.13780531,0.17028785,0.086066045,1.1920769,-0.09362459,-0.19648266,,,25.743856,Simbad,* 125 Tau,SB*,B3IV,14.8,23.26815788315746,5.2553,"(0.02027677154702054, -0.09777984375363453, 0.16197527259983627)",(-0.09777984375363453),(0.02027677154702054),0.1378,12.404,25.743400246470937,-22.558,5.015,5.166,0.16197527259983627
3424656980229857024,90.2238969397953,23.332860345709257,186.56684543450075,0.10540331598103027,0.46783457931758743,-0.10921107696137679,-2.216701697232051,0.025151294,0.021296348,0.015543396,1.1552848,0.2217226,0.61737823,,,2.2193904,Simbad,HD 250241,Star,B3III,15.0,22.53841437917898,0.4678,"(0.3281604876263611, -0.937625018078733, 1.8928245752195318)",(-0.937625018078733),(0.3281604876263611),0.0252,-0.109,2.2196779056960945,-2.217,10.35,10.03,1.8928245752195318
182619574184688256,82.18760751889299,34.247268193605315,173.59216937567038,-0.17728309215173343,0.48881986677870687,0.5015698525920043,-1.6629776249130215,0.02058702,0.020568445,0.015394942,1.0095094,0.118618965,0.36616135,,,1.7369707,Simbad,LS   V +34   38,Star,B9V,15.601,16.88073320018792,0.4888,"(-0.08479894280802006, -1.1108355332845088, 1.715884709217582)",(-1.1108355332845088),(-0.08479894280802006),0.0206,0.502,1.737116253965537,-1.663,10.92,10.67,1.715884709217582
3446200914143500160,81.78446429925891,30.208582048085596,176.76402066779838,-2.7020652368964186,1.1026219356017908,-0.7510468066060779,-4.653991713286567,0.042237673,0.041644957,0.031660706,0.74946594,0.11664295,0.37729168,,,4.714203,Simbad,HD  35600,Star,B9Ib,15.9,20.308785740951762,1.1026,"(0.025654768190363445, -0.5016050494266642, 0.755173841479514)",(-0.5016050494266642),(0.025654768190363445),0.0422,-0.751,4.714203520054179,-4.654,5.861,5.72,0.755173841479514
3425306173127304448,92.4332717548781,23.11345257086117,187.75179650317446,1.7687703149846437,0.38777980418769253,-0.06360926840982416,-2.6853341378331823,0.06160678,0.08647363,0.056242313,1.1319777,0.023209095,0.34471035,,,2.6860874,Simbad,*   3 Gem,BlueSG*,B3Ia,16.0,32.89678203914795,0.3878,"(0.4052835401950892, -1.0477915720079396, 2.321057460812352)",(-1.0477915720079396),(0.4052835401950892),0.0616,-0.064,2.6857625978698674,-2.685,5.96,5.75,2.321057460812352
3374836252947269888,90.97993942986818,20.138441150108694,189.69176536317852,-0.8604464682123898,0.7635539712812923,0.9616235615721691,-2.5000605611238336,0.12187944,0.113643005,0.0927311,0.9697203,0.15731907,0.46571493,,,2.6786232,Simbad,* chi02 Ori,BlueSG*,B2Ia,16.8,16.662957555766422,0.7636,"(0.27288710287523626, -0.5544032025891127, 1.1546365868617743)",(-0.5544032025891127),(0.27288710287523626),0.1219,0.962,2.67870194798323,-2.5,4.91,4.63,1.1546365868617743
3449524497278695936,84.09605513512209,34.1757275341581,174.51375966744888,1.1059160976219267,0.8220543732050488,-0.3175767684837668,-3.2616111045688196,0.025552897,0.029078716,0.02182873,0.86848724,-0.0030498505,0.04674244,,,3.2770355,Simbad,BD+34  1109,Star,B3,17.0,18.93681131050711,0.8221,"(-0.046484880259419985, -0.6323536079027948, 1.038070251251881)",(-0.6323536079027948),(-0.046484880259419985),0.0256,-0.318,3.277463635694648,-3.262,8.97,8.96,1.038070251251881
3379378232405754624,99.70775552765465,23.06757008856125,190.89878656783216,7.680135230169368,0.44469536021129763,1.4071913419579047,-2.428680898251551,0.03862589,0.041392297,0.031641874,1.1256416,-0.05317688,-0.111893654,,,2.8068984,Simbad,HD 261071,Star,B5,17.099,29.983409897879042,0.4447,"(0.34271375381643643, -0.6693601133440408, 2.119242257392501)",(-0.6693601133440408),(0.34271375381643643),0.0386,1.407,2.80707841297919,-2.429,9.23,9.37,2.119242257392501
3402087064528877696,82.56271280272554,20.551542357394194,185.25943057880264,-7.41183468673773,4.408129520797986,-6.845941796810193,-15.43482658982734,0.04818466,0.048669674,0.033671413,1.0647817,-0.026949406,-0.030898094,,,16.884928,Simbad,HD  36113,Star,B5,17.1,18.19474912089531,4.4081,"(0.044463137596128355, -0.12337383250278554, 0.1851085165038869)",(-0.12337383250278554),(0.044463137596128355),0.0482,-6.846,16.885110722507214,-15.435,7.03,7.08,0.1851085165038869
3377528716408925696,94.83040249488019,23.469400727335174,188.48734479547994,3.874650483586143,0.4658358414129149,0.47456774831128845,-1.2122272583599407,0.027937075,0.030668294,0.023255544,1.1855679,0.14353275,0.4542842,,,1.30181,Simbad,*  11 Gem,PulsV*bCep,B0II,18.2,13.274671421270956,0.4658,"(0.3221826698609959, -0.7977713618951358, 1.9669008566557868)",(-0.7977713618951358),(0.3221826698609959),0.0279,0.475,1.3017561641376474,-1.212,7.21,6.92,1.9669008566557868
159736057147431808,69.56348134028346,31.998751643352534,168.95848538189267,-9.945531031875504,2.021343474083691,1.3732602937305383,-8.561651334450303,0.030154116,0.039159242,0.026239345,1.144663,0.19897366,0.5734563,,,8.671085,Simbad,HD  29309,Star,B2V,18.4,20.377526160984143,2.0213,"(-0.013927967700313564, -0.34166192992519995, 0.357536008106768)",(-0.34166192992519995),(-0.013927967700313564),0.0302,1.373,8.671388464673546,-8.562,7.4,7.14,0.357536008106768
3377442434809015424,94.748784494202,23.00112619241418,188.8664627678438,3.5886707432614893,0.5065804492032329,0.4797697735930372,-1.5382957175738379,0.027308745,0.032785635,0.024083175,0.9347991,0.16314697,0.49496412,,,1.611376,Simbad,HD  43753,Star,B0.5III,19.0,15.106633825772587,0.5066,"(0.31225700873687734, -0.7344325994516614, 1.8054247587541143)",(-0.7344325994516614),(0.31225700873687734),0.0273,0.48,1.6111623227906768,-1.538,8.14,7.89,1.8054247587541143
3375564851202822528,95.86892091281084,20.392113838155684,191.66426480831333,3.288054134472654,0.5266230676127532,2.045500859031648,-2.8643165184182324,0.023220245,0.027703764,0.020244043,1.0897473,0.11529446,0.36562157,,,3.5197134,Simbad,HD  44597,Star,O9V,19.261,31.748564310033604,0.5266,"(0.3839742604254013, -0.6655509592733526, 1.7365799674479516)",(-0.6655509592733526),(0.3839742604254013),0.0232,2.046,3.5197461197069857,-2.864,9.23,9.05,1.7365799674479516
250720163313822592,61.93805265326793,51.45278848943408,151.0230247956489,-0.38137738968851476,1.0583064799128055,0.14041540643991401,-3.368940652047118,0.030295076,0.031211669,0.026861394,0.9325919,-7.5531006E-4,0.053320408,,,3.3718655,Simbad,HD  25787,Star,B2V,21.608,15.13423469396281,1.0583,"(-0.3514210676695763, -0.6167562545400849, 0.6236769985750468)",(-0.6167562545400849),(-0.3514210676695763),0.0303,0.14,3.371907548155148,-3.369,7.65,7.64,0.6236769985750468
146953066243274240,71.42698955944151,23.627914942681986,176.61635002575042,-14.031675410273078,3.8514050394491655,9.011792838327972,-17.595114382648696,0.030798724,0.04048166,0.025631778,0.7874242,0.033595085,0.1517086,,,19.768673,Simbad,HD  30122,Star,B,23.2,24.381047887416244,3.8514,"(0.03127221248283368, -0.17788690099096627, 0.18653221257291608)",(-0.17788690099096627),(0.03127221248283368),0.0308,9.012,19.7686663915004,-17.595,6.386,6.329,0.18653221257291608
3424656293035086208,90.28187905926232,23.30484775313168,186.61756569749596,0.13776532411416528,0.4931804530982667,0.12017243362221335,-2.2029602545911473,0.021779224,0.025423437,0.01683226,1.0847789,0.36909246,0.9443655,,,2.2062356,Simbad,HD 250290,Star,B3Ib,23.7,21.248506161016508,0.4932,"(0.31225164366862673, -0.8875854371947528, 1.796037707928637)",(-0.8875854371947528),(0.31225164366862673),0.0218,0.12,2.206265963315622,-2.203,7.9,7.41,1.796037707928637
3377553970816489984,94.96219426013906,23.825765805183796,188.22837108821668,4.148204002841243,0.5378382817338018,0.5620473757875626,-1.4825717004457608,0.02208221,0.022961522,0.015522275,0.9739693,0.10019016,0.32042027,,,1.5855334,Simbad,HD 255091,V*,B2V,24.176,14.007263239121729,0.5378,"(0.2674737235916721, -0.6883799647393418, 1.7064760163171566)",(-0.6883799647393418),(0.2674737235916721),0.0221,0.562,1.5859171297616133,-1.483,9.7,9.57,1.7064760163171566
3450849305707605632,91.39122561401746,33.599011221079884,178.10026116292747,6.023846375287159,5.438394763175361,-3.8430510461736738,-8.673597858862077,0.059840914,0.056713283,0.038668454,1.1065273,-0.040435314,-0.077928066,,,9.486851,Simbad,HD  41269,Star,B9VpSrCr,24.9,8.286295733352594,5.4384,"(-0.0046019672072513465, -0.07858669952209052, 0.16617439825090544)",(-0.07858669952209052),(-0.0046019672072513465),0.0598,-3.843,9.487197682184126,-8.674,6.136,6.213,0.16617439825090544
189818660926506624,85.37955758905527,38.18830810773153,171.66350700357205,4.117177036905016,0.8153633766357954,-0.15103366622374825,-2.8572100128589684,0.03272797,0.041938055,0.021026734,1.0829194,0.04526806,0.18846321,,,2.8611991,Simbad,HD  37614,**,B2III,26.007,16.66628895461044,0.8154,"(-0.1310911781034716, -0.6111404592082817, 1.0551585486319466)",(-0.6111404592082817),(-0.1310911781034716),0.0327,-0.151,2.8609878077268895,-2.857,8.28,8.23,1.0551585486319466
3430934641869760128,88.28937463558621,27.04449094905356,182.478086679407,0.4537792616113582,0.618634583684577,-1.300964251608595,-3.3948597631368362,0.014947331,0.0147551065,0.009692915,0.91924316,0.30421734,0.80559254,,,3.6355991,Simbad,HD 248666,Star,B,26.4,27.91752053343615,0.6186,"(0.14347636665154234, -0.7573282057017755, 1.4209551363399067)",(-0.7573282057017755),(0.14347636665154234),0.0149,-1.301,3.6357428432631025,-3.395,10.29,9.85,1.4209551363399067
3435423913486076800,96.21978831483315,29.706994934639738,183.49621867304353,7.850517570774916,3.438643136849868,-2.5045328443452286,-14.360271880731847,0.038924422,0.042678367,0.03327445,0.95986146,-0.037407875,-0.062151432,,,14.57704,Simbad,HD  44766,Star,B8IIIn,29.0,20.13611543215341,3.4386,"(0.011905667199501951, -0.10459642844807329, 0.27109373046067287)",(-0.10459642844807329),(0.011905667199501951),0.0389,-2.505,14.576852168442437,-14.36,6.634,6.697,0.27109373046067287
3443134135696407040,87.17223883358045,28.324581820695837,180.87206769297336,0.2589392146614539,0.6928051743224949,1.1573418954716677,-1.8937150751404035,0.034844335,0.035387713,0.022049248,1.2603712,0.09150696,0.31252003,,,2.2193687,Simbad,HD  38658,Star,B3II,34.391,15.216959434751207,0.6928,"(0.09523021767565813, -0.6984715936596915, 1.2595730372584173)",(-0.6984715936596915),(0.09523021767565813),0.0348,1.157,2.219433531444564,-1.894,8.5,8.37,1.2595730372584173
3441943089726042112,83.19428642029659,26.747397152747016,180.34215597437583,-3.5681514172697777,1.053549342447609,-0.33811487855599975,-3.714274573663979,0.04528657,0.05053859,0.035959084,1.0316442,0.026213646,0.138381,,,3.7296324,Simbad,HD  36441,Star,B1.5IV-V((n)),37.575,16.814811874049557,1.0535,"(0.08551099928195921, -0.5097109752528212, 0.7961753607602091)",(-0.5097109752528212),(0.08551099928195921),0.0453,-0.338,3.7293484748266548,-3.714,8.29,8.23,0.7961753607602091
202192496067552128,75.73907034339771,42.56903133238899,163.89099223590074,0.5541378910550261,0.8335343055977323,-0.473202861640118,-2.4084170017078534,0.0424034,0.053989835,0.041833635,1.0447153,-0.057017803,-0.10927963,,,2.454464,Simbad,HD  32143,Star,B8,39.474,13.985091890387153,0.8335,"(-0.23311145847890996, -0.7089155223635843, 0.939426310104132)",(-0.7089155223635843),(-0.23311145847890996),0.0424,-0.473,2.4540156794562438,-2.408,7.41,7.5,0.939426310104132
3442520127170919168,84.16583115929369,27.91173571614335,179.82756813532842,-2.2129896413096737,0.8429379516249632,-0.3002660219775162,-4.008608435355276,0.027862247,0.028841764,0.020495163,0.9298159,0.073349,0.27129936,,,4.0198383,Simbad,HD  36993,Star,B8,48.0,22.6551101332209,0.8429,"(0.08410335208523834, -0.6215691608096162, 1.0070138160027675)",(-0.6215691608096162),(0.08410335208523834),0.0279,-0.3,4.020208807689207,-4.009,8.39,8.25,1.0070138160027675
3444230245708929920,85.33748042653758,29.48729728562911,179.04181548956916,-0.5037682548821788,6.3658518214016055,15.145272553067203,-26.655880898971212,0.067476965,0.068416476,0.04105059,1.1088759,-0.057633877,-0.128479,,,30.658037,Simbad,HD  37646,EB*,B8IV,50.167,22.87587492418393,6.3659,"(0.0069925906976137635, -0.07980449079622774, 0.13512463599818308)",(-0.07980449079622774),(0.0069925906976137635),0.0675,15.145,30.658006965771296,-26.656,6.292,6.392,0.13512463599818308
3425400245792540288,91.89118056474207,23.73906923638252,186.96320332857903,1.6365701530311743,0.6915292147195372,-0.3326358221221882,-1.1406801211402429,0.042928617,0.037362806,0.028807262,1.391312,0.031086922,0.15253544,,,1.1881909,Simbad,HD 251847,Star,B1IV,55.104,8.16464219731887,0.6915,"(0.21182307849632603, -0.6001819578444597, 1.298541169118603)",(-0.6001819578444597),(0.21182307849632603),0.0429,-0.333,1.1886000306590483,-1.141,9.02,9.01,1.298541169118603
3375208330259289856,92.45890142857803,20.618118678190232,189.94852867568318,0.5839366265031056,0.5704188061048854,0.43010308894418364,-2.1941223606007965,0.023154262,0.025438322,0.018112924,1.0077214,0.081459045,0.2789154,,,2.2358806,Simbad,HD 252535,YSO_Candidate,B1.5V,63.321,18.61810560124085,0.5704,"(0.35064300675320087, -0.7051109589857879, 1.5663406254463401)",(-0.7051109589857879),(0.35064300675320087),0.0232,0.43,2.235740511125376,-2.194,10.26,10.26,1.5663406254463401
182433791079705856,82.03995188130882,33.31311325334408,174.3016837916013,-0.797232628023201,0.30382627935472084,0.5909992168298869,-2.3214699619766463,0.016819075,0.018275464,0.013021183,0.8709907,0.23983765,0.6520233,,,2.3955173,Simbad,HD 243827,Star,B0.2III,71.0,37.44748324040408,0.3038,"(-0.0835565705341576, -1.797816688979376, 2.75604116769024)",(-1.797816688979376),(-0.0835565705341576),0.0168,0.591,2.395062087494623,-2.321,10.9,10.7,2.75604116769024
469648081051557376,60.09700280757192,56.90159004703163,146.60144139179874,2.9816298077099326,0.6397186237418145,-0.4687359505639741,-2.0872303317996357,0.015393411,0.017274244,0.014516197,0.88457435,0.14392757,0.43161678,,,2.1392157,Simbad,HD 237204,PN?_Candidate,B2III:,93.607,15.8831978371459,0.6397,"(-0.7183940242214244, -0.9654980146507959, 0.997707538600658)",(-0.9654980146507959),(-0.7183940242214244),0.0154,-0.469,2.1390487547851498,-2.087,9.625,9.341,0.997707538600658
468616395547368064,61.10232638144973,56.00540820466229,147.6112865948164,2.674340718923057,0.2203788604237836,0.2768751808661628,0.27918340078042925,0.018627092,0.019558981,0.018392894,0.9606759,0.45705032,1.1051211,116.04024,1.7356064,0.3931962,Simbad,HD 237213,BlueSG*,B6Ia,116.04,8.473144845348243,0.2204,"(-2.0128998810565073, -2.812852379064423, 2.936379137165104)",(-2.812852379064423),(-2.0128998810565073),0.0186,0.277,0.3931539307760807,0.279,9.39,8.74,2.936379137165104
3375202836997950592,92.41488800902992,20.487614122989992,190.04284270672352,0.4847625446324998,0.5777309785817734,0.2505266767522468,-2.4847998848841706,0.03734437,0.040283095,0.02808093,1.0065774,0.016604424,0.1216197,,,2.4973974,Simbad,HD  42088,Star,O6V((f))z,125.514,20.536279255648164,0.5777,"(0.35009125031243193, -0.6969578270497153, 1.5453331550936222)",(-0.6969578270497153),(0.35009125031243193),0.0373,0.251,2.4976439818461897,-2.485,7.58,7.57,1.5453331550936222
3375761457625837440,94.82032969011244,20.579930459993225,191.0373448957527,2.5082345685366283,0.23504844717575055,0.09850444878615924,-0.3406680865969821,0.046941705,0.039553247,0.029528564,1.3748208,0.34454727,0.9204645,143.45384,0.924592,0.35462356,Simbad,HD  43837,PulsV*,B2Ibp?,143.45,7.1771545533732155,0.235,"(0.8497578626365601, -1.5605719256090251, 3.8665575956085054)",(-1.5605719256090251),(0.8497578626365601),0.0469,0.099,0.3550802770031133,-0.341,8.99,8.49,3.8665575956085054
220303033122943488,60.19513805379782,37.14665142572979,159.72327860212357,-11.853779764298354,0.48856787648456074,1.5309685675780682,-0.31148461641324554,0.022631207,0.025971882,0.021232735,1.0971266,0.36515045,0.9246378,,,1.562334,Simbad,HD 279216,PulsV*,B5,,15.187830891614773,0.4886,"(-0.29978431852079024, -1.5512013882728057, 1.3010523211901306)",(-1.5512013882728057),(-0.29978431852079024),0.0226,1.531,1.5622682018004108,-0.311,10.89,10.28,1.3010523211901306
233618462537611904,62.10682168590762,46.365951634121465,154.5365520538179,-4.064602011596686,1.2122591774931972,0.30887769349228633,-3.344998516592093,0.021565001,0.024329642,0.018605089,1.0384086,0.15197182,0.45380306,,,3.359229,Simbad,HD  25931,Star,B8,,13.162088232713902,1.2123,"(-0.2399255344340593, -0.5680964878873253, 0.5478380091419752)",(-0.5680964878873253),(-0.2399255344340593),0.0216,0.309,3.3592418555555374,-3.345,8.92,8.64,0.5478380091419752
275294660511497856,65.29252606136082,53.17162899363016,151.32386796827493,2.2770084807466144,0.24628626593816655,0.3358096729339949,-0.8085683165414028,0.015501464,0.019082604,0.013914673,0.9638264,0.36948586,0.92806053,,,0.87552893,Simbad,LS   V +53   21,Star,OB+,,16.894043092402853,0.2463,"(-1.5830744654316173, -2.5041456150288193, 2.776230797242635)",(-2.5041456150288193),(-1.5830744654316173),0.0155,0.336,0.8760005815800169,-0.809,11.3,11.0,2.776230797242635
471084764792809728,67.21839987496374,59.38621085255215,147.5966870022681,7.373192797488203,0.38746510547651414,2.144790402140145,-1.5262102991404785,0.026907943,0.028531203,0.02360082,1.1099699,0.14906216,0.44663143,,,2.6323836,Simbad,BD+59   804,Star,B2,,32.26852837569581,0.3875,"(-1.2395526062626034, -1.430365187444898, 1.7542220637482555)",(-1.430365187444898),(-1.2395526062626034),0.0269,2.145,2.6324324970339563,-1.526,10.48,10.21,1.7542220637482555
271274742920165248,67.54891026614797,51.865059526097184,153.21919630800457,2.349516886839158,1.2520256853505105,0.8457813577375761,-4.2249314777878855,0.01693259,0.018098757,0.013892275,0.9970541,0.23316479,0.63793564,,,4.308758,Simbad,HD 232965,Star,B8,,16.34754093010973,1.252,"(-0.29082095608614644, -0.4875225874551886, 0.5618735379242091)",(-0.4875225874551886),(-0.29082095608614644),0.0169,0.846,4.3088675418023525,-4.225,9.89,9.52,0.5618735379242091
253552127311547648,67.90964909577897,44.93862981960673,158.42754812683228,-2.224317750426178,0.8270785324119737,-0.18193047486999514,-2.747567481660053,0.019859266,0.022227341,0.013485002,1.0195408,0.066046715,0.23309994,,,2.7535841,Simbad,BD+44   967,Star,B2,,15.816221254080435,0.8271,"(-0.3036263280449326, -0.7877825090046016, 0.8654456952138169)",(-0.7877825090046016),(-0.3036263280449326),0.0199,-0.182,2.7540202665061155,-2.748,9.48,9.41,0.8654456952138169
253606381338861056,68.5185756122143,45.63576646403528,158.2083647822327,-1.4359428244816346,1.150698006932318,0.9684100076688071,-4.592206080972609,0.023546662,0.025890859,0.01605109,0.995499,0.22990751,0.6468644,,,4.6932054,Simbad,HD  28747,Star,B9,,19.372003942125097,1.1507,"(-0.2268910219792425, -0.5583196631324926, 0.6261179077054637)",(-0.5583196631324926),(-0.2268910219792425),0.0235,0.968,4.692918824256867,-4.592,8.08,7.7,0.6261179077054637
273930785055664640,68.84698743122267,54.33957135029404,151.9316236436081,4.60305828701649,1.3356026390879947,1.0362249937444028,-3.4199687801377734,0.018242912,0.02038202,0.016115362,1.0351375,0.15698147,0.46150112,,,3.5735066,Simbad,HD 232977,Star,B5,,12.70888625188933,1.3356,"(-0.29964949325906876, -0.4367106444581881, 0.5292318287746435)",(-0.4367106444581881),(-0.29964949325906876),0.0182,1.036,3.573471308032437,-3.42,9.86,9.6,0.5292318287746435
257334447309505536,69.02595965077965,47.50729419805827,157.06435431201533,0.08580912030582304,0.5281039640842635,1.6107709040074805,-1.6872506242159193,0.01693486,0.018373936,0.011695378,0.9772919,0.383317,0.963027,,,2.3326802,Simbad,BD+47  1011,Star,B2,,20.981105294709884,0.5281,"(-0.5502041276031383, -1.1877977609695687, 1.368232315877484)",(-1.1877977609695687),(-0.5502041276031383),0.0169,1.611,2.332657261951142,-1.687,10.11,9.69,1.368232315877484
252878401557369088,70.24720739300419,44.53034418647852,159.8470955000755,-1.2700235829277626,0.378823380551682,0.10064623612212906,-1.186127754569379,0.015042702,0.016362276,0.013658521,0.879651,0.42824078,1.0411901,,,1.1903901,Simbad,LS   V +44   17,HMXB,B0.2Ve,,14.925793758106295,0.3788,"(-0.6299402178963331, -1.6724358884153923, 1.9430098276314145)",(-1.6724358884153923),(-0.6299402178963331),0.015,0.101,1.1902927886380374,-1.186,11.42,10.73,1.9430098276314145
202934391537954304,70.82100511859139,40.74827541736757,162.97467823437853,-3.4421016531151745,0.34568729553805944,0.2881775019558931,-1.6578492786647505,0.037793104,0.04688855,0.034140304,1.3249285,0.1047411,0.32726192,,,1.6827092,Simbad,HD 276706,Star,B3,,23.12244763811045,0.3457,"(-0.5028945975267124, -1.8700039032700164, 2.1489041990695608)",(-1.8700039032700164),(-0.5028945975267124),0.0378,0.288,1.6828273790245405,-1.658,10.84,10.66,2.1489041990695608
203672129480876288,71.87609013956624,42.31992549805766,162.2938728839945,-1.8199937051144177,0.8720282815910625,-0.3752793482503881,-2.5172491156886334,0.02981676,0.03604862,0.029714402,0.9587964,0.03093338,0.14930439,,,2.5450692,Simbad,HD  30209,PulsV*bCep,B9,,13.862056720093669,0.872,"(-0.22694115336688925, -0.7217997043539033, 0.8617587132258494)",(-0.7217997043539033),(-0.22694115336688925),0.0298,-0.375,2.5447817198071907,-2.517,8.41,8.39,0.8617587132258494
205111562000004864,75.0673822693645,43.46306667016457,162.88360215498645,0.7146455987461873,0.8618210809978419,-0.635883623588007,-2.9358942644738386,0.025403991,0.035507202,0.026426261,1.0510246,0.012909889,0.086725235,,,3.003968,Simbad,HD 277200,Star,B5,,16.557734339226727,0.8618,"(-0.24441673131464828, -0.6890003787036874, 0.9010987308778998)",(-0.6890003787036874),(-0.24441673131464828),0.0254,-0.636,3.0040959371493394,-2.936,9.59,9.6,0.9010987308778998
200713549850582912,75.15165050214542,39.906496021645445,165.72406160114727,-1.4268941127706731,0.253254267647174,-0.2684679352483596,-1.4023013207161386,0.014189826,0.017186726,0.01342912,0.93810964,0.53006554,1.2467833,,,1.427769,Simbad,HD 277291,Star,B,,26.766989306865153,0.2533,"(-0.592590547114541, -2.396213415968662, 3.0810411677324594)",(-2.396213415968662),(-0.592590547114541),0.0142,-0.268,1.427384987388364,-1.402,11.02,10.43,3.0810411677324594
200812024858254720,75.28068379415127,40.65217057341734,165.19647631070015,-0.8907130654221252,0.34689031816939336,-0.15602195867886987,-1.866389047392502,0.022502132,0.028136892,0.02272443,1.1600891,0.111834526,0.34283257,,,1.872899,Simbad,HD 277270,Star,B8,,25.639726523510593,0.3469,"(-0.4686414854899887, -1.737981139588333, 2.2515800801719923)",(-1.737981139588333),(-0.4686414854899887),0.0225,-0.156,1.8725096376626873,-1.866,11.38,11.41,2.2515800801719923
202656696131788928,77.91117719989666,44.79647354947694,163.0504314749935,3.1468135445346963,1.0251688955182918,-1.077291933205448,-2.831384087925662,0.0252289,0.025874486,0.022010189,0.91018534,0.010478973,0.08152771,,,3.0294049,Simbad,BD+44  1119,PulsV*,B8,,14.033823039184172,1.0252,"(-0.22278216707267792, -0.5466384357262898, 0.7765291602110812)",(-0.5466384357262898),(-0.22278216707267792),0.0252,-1.077,3.0289422128277557,-2.831,9.16,9.12,0.7765291602110812
208579524753294464,78.29948104876269,44.481774029462564,163.46803985397403,3.1856693414142585,0.8355498562653411,-0.07736407072299858,-1.6197030040690654,0.03151525,0.03954311,0.029540954,1.0106238,0.02393055,0.1174345,,,1.6215496,Simbad,BD+44  1130,PulsV*,B8,,9.220451382044239,0.8355,"(-0.2663248083148264, -0.6676494729809695, 0.9570038535581966)",(-0.6676494729809695),(-0.2663248083148264),0.0315,-0.077,1.6218288731125423,-1.62,9.646,9.519,0.9570038535581966
188720077013916800,78.58547175030404,40.015410133255976,167.21625301052305,0.7438065573673174,1.0416611835259095,0.16001547059933785,-3.66263396932355,0.03499202,0.038937468,0.030162571,1.0077091,0.011947632,0.07026863,,,3.6661277,Simbad,HD 277795,V*,B8,,16.718672762638484,1.0417,"(-0.14017555602316084, -0.5477046692258832, 0.7758295118606056)",(-0.5477046692258832),(-0.14017555602316084),0.035,0.16,3.6664929493298293,-3.663,10.25,10.27,0.7758295118606056
182009134775597312,79.78109122148292,33.92980864550169,172.73096715805758,-2.0024750988525337,0.8289450125995086,0.3300310962695968,-2.0347707929537946,0.031634938,0.033572182,0.02276522,0.96073073,-0.014409065,0.011518478,,,2.0613618,Simbad,HD 242437,Star,OB-,,11.813874504332762,0.8289,"(-0.047218506896597234, -0.6903000951739271, 0.9882818220735363)",(-0.6903000951739271),(-0.047218506896597234),0.0316,0.33,2.061583228533985,-2.035,9.2,9.26,0.9882818220735363
183600338554721920,79.81400085776548,34.89052118769331,171.959140496899,-1.4293011005998966,1.9395338348557032,-2.540973632800723,-3.1150646453779296,0.028278382,0.033440728,0.023381602,0.9419683,0.053864956,0.27784443,,,4.019972,Simbad,HD  34477,**,B8,,9.845170146948098,1.9395,"(-0.02874455727140611, -0.2938565497701808, 0.4226844520160955)",(-0.2938565497701808),(-0.02874455727140611),0.0283,-2.541,4.019938367684319,-3.115,7.195,7.083,0.4226844520160955
194992962646744832,80.45245130883885,41.488270777329646,166.82635036171683,2.7481315983452816,0.9446654351450255,-0.7008076741547513,-2.6230960279640803,0.025972279,0.031207498,0.021892505,0.9821168,0.0015010834,0.054136276,,,2.7150993,Simbad,HD 278040,PulsV*,B5,,13.651441089707683,0.9447,"(-0.17853057700180275, -0.5779613123563585, 0.8686704788017656)",(-0.5779613123563585),(-0.17853057700180275),0.026,-0.701,2.7150560913473956,-2.623,9.14,9.11,0.8686704788017656
194826519777129600,80.69081666828961,40.957846317632374,167.36569364325547,2.5957042188408295,0.8894759029819589,-0.4288503987015001,-2.0613565757242807,0.038446628,0.039689828,0.033860967,0.9100173,0.017800331,0.11058426,,,2.1054938,Simbad,HD 278056,Star,B9,,11.241801051536374,0.8895,"(-0.17905432785979097, -0.6127235439153673, 0.9254165870231671)",(-0.6127235439153673),(-0.17905432785979097),0.0384,-0.429,2.1051752172473672,-2.061,8.38,8.34,0.9254165870231671
212613181938587136,81.03523452752813,48.30570352472149,161.39490610135095,6.915756236859283,0.686787417971101,-0.10857029453723183,-1.800096388872062,0.02127462,0.02565354,0.022309832,1.0694075,0.07915211,0.27430344,,,1.8033675,Simbad,BD+48  1263,Star,B5,,12.471843016820529,0.6868,"(-0.41244340397414936, -0.7510536080070065, 1.1772112845245544)",(-0.7510536080070065),(-0.41244340397414936),0.0213,-0.109,1.803297225687028,-1.8,9.37,9.26,1.1772112845245544
182917090859039104,81.31850217182352,35.080645053599696,172.50182132256742,-0.3063264155701469,0.4500063438781689,-0.3697034634806423,-2.121198849177812,0.016193122,0.017638713,0.014282307,0.9709761,0.21379948,0.5935526,,,2.1531756,Simbad,HD 281050,Star,B5,,22.726435197741026,0.45,"(-0.12663323551095734, -1.2264845490818186, 1.848775743679086)",(-1.2264845490818186),(-0.12663323551095734),0.0162,-0.37,2.153030645908051,-2.121,10.71,10.23,1.848775743679086
195056184567706368,81.39668642657952,42.39163973092635,166.4736777911453,3.8368870638657007,0.8545736021205824,-0.4584527171666854,-1.9743056295361883,0.039945584,0.04562238,0.03402038,0.97129077,-0.0064020157,0.022447586,,,2.0268354,Simbad,HD 278126,Star,B8,,11.26324248425295,0.8546,"(-0.21410561216378543, -0.6238602114286603, 0.9665299611779925)",(-0.6238602114286603),(-0.21410561216378543),0.0399,-0.458,2.0264351927594677,-1.974,9.846,9.831,0.9665299611779925
182639395454247808,81.81639425217108,34.42873944363608,173.27104203870337,-0.3314429230148464,0.5172504289484398,-0.02016378363001703,-2.288963088843122,0.02183524,0.02319804,0.015808687,0.9551634,0.07668114,0.2654047,,,2.289052,Simbad,HD 281150,Star,B2,,21.019070002880962,0.5173,"(-0.08707858570459735, -1.05768346463997, 1.6157516538034797)",(-1.05768346463997),(-0.08707858570459735),0.0218,-0.02,2.289087393042708,-2.289,9.73,9.61,1.6157516538034797
195365594010029440,81.8173225274307,42.29640171071812,166.72620353948676,4.042457924612015,0.226345382678207,-0.0678877470468593,-0.1701757136232992,0.02403782,0.028138772,0.018747987,1.1833677,0.21455002,0.6143675,,,0.18321714,Simbad,HD 278199,Star,B3,,3.84314692580548,0.2263,"(-0.7992837860469227, -2.3373139508067893, 3.6640005503120965)",(-2.3373139508067893),(-0.7992837860469227),0.024,-0.068,0.18309561130692897,-0.17,9.79,9.53,3.6640005503120965
3447420616137931648,81.85672683777725,32.08725090067427,175.2356341544478,-1.6063337269876994,0.9053411305413454,-1.2281861923575612,-3.0317537240435675,0.028041096,0.033954784,0.024864327,1.1344018,0.02559185,0.11795139,,,3.2710812,Simbad,HD  35609,Star,A0,,17.163799775830068,0.9053,"(-0.00473887596884863, -0.607622102112171, 0.9224574105017027)",(-0.607622102112171),(-0.00473887596884863),0.028,-1.228,3.2712396421986414,-3.032,9.53,9.5,0.9224574105017027
182555596352509056,82.02828746211549,33.78577002678258,173.9030578732303,-0.5430313278603155,1.0867404834270231,-0.005842681149767437,-3.295496041674947,0.028602157,0.030606456,0.021628477,0.8893832,-0.009905815,0.021962166,,,3.2955012,Simbad,HD 243804,Star,OB-,,14.402573631281594,1.0867,"(-0.030934191112066675, -0.5020849820031964, 0.7705540028558906)",(-0.5020849820031964),(-0.030934191112066675),0.0286,-0.006,3.2950055214078775,-3.295,9.14,9.16,0.7705540028558906
3446184245374468864,82.05818622374832,30.0513235782284,177.0264555967348,-2.59229102089588,0.6388154924950157,0.7831498070521951,-1.6751897011506303,0.024154427,0.024896381,0.017649798,1.0120283,0.066352844,0.23626804,,,1.8492118,Simbad,HD 243845,Star,OB-,,13.748649582613703,0.6388,"(0.04910099722054212, -0.8606386820334494, 1.3067047968313634)",(-0.8606386820334494),(0.04910099722054212),0.0242,0.783,1.8489763572423292,-1.675,9.96,9.9,1.3067047968313634
182666303428762240,82.10629382932922,34.61401322410064,173.2497048107631,-0.029911024194964796,0.46883812528582686,0.03338366069724977,-2.364108108416253,0.021019865,0.023081187,0.017738208,1.2309489,0.13142586,0.39994812,,,2.364344,Simbad,LS   V +34   34,Star,B,,23.954978926744683,0.4688,"(-0.10221468569109586, -1.159045336499094, 1.7878216430485319)",(-1.159045336499094),(-0.10221468569109586),0.021,0.033,2.3642303830761193,-2.364,10.56,10.24,1.7878216430485319
182666303428762240,82.10629382932922,34.61401322410064,173.2497048107631,-0.029911024194964796,0.46883812528582686,0.03338366069724977,-2.364108108416253,0.021019865,0.023081187,0.017738208,1.2309489,0.13142586,0.39994812,,,2.364344,Simbad,LS   V +34   34,Star,B,,23.954978926744683,0.4688,"(-0.10221468569109586, -1.159045336499094, 1.7878216430485319)",(-1.159045336499094),(-0.10221468569109586),0.021,0.033,2.3642303830761193,-2.364,10.56,10.24,1.7878216430485319
182666956265247488,82.1641930597201,34.66907319464361,173.23027097411068,0.04025328106464889,0.4592998786384251,0.8235310008934003,-3.9345293413810536,0.030664263,0.037122454,0.02719556,0.9506341,0.13117504,0.41314793,,,4.0197916,Simbad,BD+34  1058,Star,O8nn,,41.577735482080065,0.4593,"(-0.10626415860332251, -1.1813100777711336, 1.8257951072858212)",(-1.1813100777711336),(-0.10626415860332251),0.0307,0.824,4.020348290685519,-3.935,8.99,8.84,1.8257951072858212
182866238446258176,82.17729340741337,35.013717600836536,172.94927471460264,0.24009578099021758,0.49183070542275464,0.3825552018155215,-1.043931166113827,0.0301512,0.03770348,0.024663517,1.2026213,0.07373047,0.2626896,,,1.1118187,Simbad,BD+34  1059,Star,B0IV-V,,10.740489615649418,0.4918,"(-0.11138493716764736, -1.1017484508042956, 1.705357243424833)",(-1.1017484508042956),(-0.11138493716764736),0.0302,0.383,1.112036400542258,-1.044,9.37,9.26,1.705357243424833
3446181294733122944,82.1992919884132,30.02599676218612,177.11519485408283,-2.5045194573991236,0.6783078498412971,0.9979101544288784,-1.545252095376961,0.018048957,0.022192076,0.01440553,0.8843184,0.07384491,0.24805546,,,1.8394642,Simbad,HD 243940,Star,B5,,12.880260217769019,0.6783,"(0.04714722446690758, -0.8079311288234187, 1.2322775749277903)",(-0.8079311288234187),(0.04714722446690758),0.018,0.998,1.8393012216789897,-1.545,10.78,10.37,1.2322775749277903
183355216182727936,82.49002934583521,35.954740653706956,172.30554096895307,0.9722349537718213,0.5487196342887178,1.2911030979276255,-2.400865102514804,0.029711407,0.0304716,0.023848874,1.299489,0.15007496,0.4525547,,,2.7260046,Simbad,HD  35952,Star,B5II-III,,23.599151781877193,0.5487,"(-0.12896661549783867, -0.9777021812684671, 1.5326233944196432)",(-0.9777021812684671),(-0.12896661549783867),0.0297,1.291,2.7260745248550116,-2.401,9.07,8.84,1.5326233944196432
183249594347730304,82.49635151154459,35.20266582787962,172.93598546399767,0.5620451592350488,0.5359861320775078,0.06104924016267048,-2.113260294878462,0.024331564,0.025627142,0.018808117,1.0063515,0.03599167,0.15643787,,,2.114142,Simbad,BD+35  1141,Star,B0.5:V:n,,18.733079972013716,0.536,"(-0.1076460409965075, -1.0031893944035803, 1.569316417183412)",(-1.0031893944035803),(-0.1076460409965075),0.0243,0.061,2.1138802347606216,-2.113,9.71,9.64,1.569316417183412
189549246217443584,83.94884862237774,37.46795607495175,171.67299721932315,2.7771170510826346,0.5927202750619285,0.7538200997145164,-2.996100324218243,0.018367438,0.018237704,0.014154782,0.98094356,0.15778828,0.4570017,,,3.089476,Simbad,BD+37  1245,Star,OB-,,24.759165005756365,0.5927,"(-0.1612177598961311, -0.8714019658399721, 1.435719962737245)",(-0.8714019658399721),(-0.1612177598961311),0.0184,0.754,3.089422571000055,-2.996,10.8,10.41,1.435719962737245
3441688106106307456,84.42020385076178,27.271274898252095,180.4896576408651,-2.365800322874125,0.654959795834669,0.8657995693084454,-2.190978049570986,0.01799768,0.021514334,0.015591376,0.94744515,0.17292023,0.53533363,,,2.3558424,Simbad,V* ET Tau,EB*,B8,,17.08503671269513,0.655,"(0.12558352513113036, -0.7949723282687278, 1.297349065380082)",(-0.7949723282687278),(0.12558352513113036),0.018,0.866,2.3559365385281024,-2.191,9.09,8.79,1.297349065380082
190070242930875776,84.81195036490016,38.54964750114113,171.1204772919602,3.9296192045163476,0.8883038417312504,-0.3786501702073222,-2.5879880650489295,0.025796577,0.025762336,0.02043099,0.8476316,0.008636475,0.08624458,,,2.6155417,Simbad,HD  37290,Star,B8,,13.986400943059941,0.8883,"(-0.12785287218067326, -0.5677694704723981, 0.9636363513339458)",(-0.5677694704723981),(-0.12785287218067326),0.0258,-0.379,2.6156042063990625,-2.588,8.54,8.51,0.9636363513339458
3455729793008409088,85.24766650905262,35.84623861608599,173.6027372917931,2.7944544478328273,0.5652493153014072,-0.24072735977872634,-2.3404600897682695,0.022582,0.028299833,0.014807108,1.3866707,0.590518,1.3507328,,,2.3528075,Simbad,BD+35  1201,Star,O9.5V,,19.769629719489824,0.5652,"(-0.11734492082548453, -0.8908984134794791, 1.5241065364193438)",(-0.8908984134794791),(-0.11734492082548453),0.0226,-0.241,2.35237771538342,-2.34,11.43,10.54,1.5241065364193438
3441404019789759488,85.40328072802461,26.615549562273536,181.51144605731136,-1.9715592901899512,1.2919985749182603,-1.0162549884445893,-4.386595700586538,0.041572277,0.039740834,0.023581738,1.0887455,0.0061159134,0.08646965,,,4.5027766,Simbad,HD  37696,Star,B9,,16.555560967729544,1.292,"(0.07313798292071633, -0.39289293566383254, 0.6628366041114696)",(-0.39289293566383254),(0.07313798292071633),0.0416,-1.016,4.503112776009714,-4.387,7.97,7.96,0.6628366041114696
3454644235734067968,86.11754507800956,34.399688223816,175.20925768976366,2.640984073677088,0.5796672750643596,0.6275775713518374,-4.7238330625585165,0.020352958,0.020616276,0.013246678,1.1893617,0.32271862,0.8415785,,,4.7653384,Simbad,BD+34  1156,Star,B,,39.048489110770504,0.5797,"(-0.06992821495384378, -0.8531178284264338, 1.497674580998219)",(-0.8531178284264338),(-0.06992821495384378),0.0204,0.628,4.765559761976625,-4.724,9.87,9.36,1.497674580998219
3454627949218109952,86.18934953277649,34.27136658062424,175.34981995160817,2.624675361021448,0.40019651970962067,-0.23371019172884994,-1.5305643870264822,0.020254042,0.023188764,0.013245839,1.0899383,0.1763525,0.40212822,,,1.5483048,Simbad,BD+34  1158,Star,OB-e,,18.382560968830166,0.4002,"(-0.09559147831910039, -1.2338453210606248, 2.1707698623953324)",(-1.2338453210606248),(-0.09559147831910039),0.0203,-0.234,1.548779172953558,-1.531,11.0,10.942,2.1707698623953324
3454622863978100608,86.27184829402037,34.143176616281906,175.49493716042133,2.616152940055213,0.317294691361827,0.11148528998997641,-2.2884794804241357,0.02760993,0.03157241,0.01827147,1.099319,0.18182468,0.52090263,,,2.2911935,Simbad,BD+34  1161,Star,OB-,,34.29178258438558,0.3173,"(-0.11336270412664853, -1.5533482658724935, 2.7398516918501463)",(-1.5533482658724935),(-0.11336270412664853),0.0276,0.111,2.2906910177712105,-2.288,10.74,10.52,2.7398516918501463
3454621863248188544,86.30117396125888,34.09598010451231,175.5479285112972,2.6123213672215524,0.8294152705536882,0.06613055898523168,-3.3318695820721156,0.02881742,0.038688853,0.022884773,1.0628589,0.049785614,0.1925869,,,3.3325257,Simbad,BD+34  1162,Star,B2V:nn,,19.086212990472713,0.8294,"(-0.04235499418341711, -0.5938688643378878, 1.0484351568550647)",(-0.5938688643378878),(-0.04235499418341711),0.0288,0.066,3.3326537075209193,-3.332,9.04,8.95,1.0484351568550647
3429349794640238720,86.43545889859162,26.560247049988654,182.04245012202168,-1.2144042302393265,0.6040614031295861,1.1511998059956214,-3.6042197563352487,0.018402584,0.023394732,0.013829676,1.0196848,0.09007263,0.2999611,,,3.7836041,Simbad,HD 247176,Star,B2V,,29.74811753447429,0.6041,"(0.15925328869880284, -0.8171922566282848, 1.43074655307854)",(-0.8171922566282848),(0.15925328869880284),0.0184,1.151,3.7833342049439445,-3.604,9.75,9.61,1.43074655307854
3448212298871507328,86.58783406807174,32.261081594345995,177.24158730679227,1.8637619474608378,0.5364901801414408,1.5327744703868273,-2.4727185307282955,0.037698258,0.044743646,0.026580576,1.1235305,0.0901804,0.30413723,,,2.9092498,Simbad,LS   V +32   11,EB*,OB-,,25.760742474910945,0.5365,"(-0.005525713877662649, -0.9140311604489674, 1.624426855964025)",(-0.9140311604489674),(-0.005525713877662649),0.0377,1.533,2.9096079469838143,-2.473,10.56,10.34,1.624426855964025
3443102971413571456,86.93620177065633,28.181364902956737,180.88734053206616,0.0069327116204674355,0.7235755094930476,-0.08402670394802779,-3.8459249448413098,0.031078946,0.03288616,0.020110538,1.1549809,0.011147499,0.07539368,,,3.8468428,Simbad,BD+28   892,Star,B,,25.252705080469575,0.7236,"(0.09444006774388072, -0.6731219168985263, 1.2032681385077577)",(-0.6731219168985263),(0.09444006774388072),0.0311,-0.084,3.846917188894938,-3.846,9.81,9.81,1.2032681385077577
3443948702013968384,87.40762360901691,30.15802564149935,179.4055320822243,1.3785262405023035,0.5538245763324149,-0.4152027347752102,-1.0740387010744619,0.022125958,0.024728047,0.015700031,1.1409544,0.099998474,0.32584953,,,1.1515001,Simbad,HD 247912,Star,OB-,,9.875599299353285,0.5538,"(0.06167817021533761, -0.8677919516601874, 1.5823107083238228)",(-0.8677919516601874),(0.06167817021533761),0.0221,-0.415,1.151390897265683,-1.074,9.83,9.71,1.5823107083238228
3423866500089693952,88.49253809722875,20.876294779223066,187.89060599164804,-2.512988488510801,0.3265081816576571,-1.2148144259364415,-1.7774586547128024,0.01695211,0.019087112,0.013316873,0.9249824,0.119540215,0.38389206,,,2.152936,Simbad,HD 248894,Star,O8:V:nn,,31.31744240150965,0.3265,"(0.5981926025852211, -1.4110387176405021, 2.6517541171353884)",(-1.4110387176405021),(0.5981926025852211),0.017,-1.215,2.1526620840616713,-1.777,9.5,9.29,2.6517541171353884
3431579844738025472,89.57093488021982,29.011781889658867,181.34703983084353,2.421364346567131,0.4929694210034223,0.16615486751016517,-2.0352389961534625,0.022710726,0.026771136,0.017948695,1.141873,0.11589146,0.3601656,,,2.04201,Simbad,LS   V +29   18,Star,OB-,,19.672123614009944,0.493,"(0.11132815348402976, -0.91587303454934, 1.8064272165593842)",(-0.91587303454934),(0.11132815348402976),0.0227,0.166,2.041759359111053,-2.035,10.92,10.68,1.8064272165593842
3424748785153094784,89.69510736237274,23.250782885132,186.39646998044884,-0.35677441177258,0.4247132958441166,0.2293558944439354,-2.1581183262129824,0.031484332,0.034081712,0.022602994,1.328327,0.2422123,0.67133904,,,2.1702716,Simbad,HD 249788,Star,B1V,,24.271374684162183,0.4247,"(0.3646136011017335, -1.0504328602816835, 2.075525086294544)",(-1.0504328602816835),(0.3646136011017335),0.0315,0.229,2.170116343741398,-2.158,9.45,9.16,2.075525086294544
3430804074864666112,89.9350828737032,27.222135746154738,183.0603633669658,1.8093834141799552,0.531414923161776,-0.19977324019681408,-2.2741980077355337,0.021122303,0.020631231,0.014893511,0.8903288,0.07168484,0.24176693,,,2.2829554,Simbad,LS   V +27   21,Star,OB-,,20.40495933979596,0.5314,"(0.16202668082201105, -0.838984629337361, 1.6766348302147758)",(-0.838984629337361),(0.16202668082201105),0.0211,-0.2,2.2827780844348142,-2.274,10.17,10.04,1.6766348302147758
3423847224275160960,91.37424412254484,23.004776724051183,187.37317751119485,0.864330083051171,0.5398436679644061,0.34513449659284257,-2.3010116093142936,0.02335133,0.027114136,0.020129513,1.0514934,0.1753149,0.51434135,,,2.3267515,Simbad,HD 251311,V*,B1.5:IV:n,,20.474103311200132,0.5398,"(0.29491228365767463, -0.7810686650215922, 1.653739849081818)",(-0.7810686650215922),(0.29491228365767463),0.0234,0.345,2.326720153099079,-2.301,9.05,8.79,1.653739849081818
3423575778045073408,92.03050625277811,22.452398374751727,188.15057896727956,1.1238206826549386,0.7591710239260283,1.1155562046742653,-3.3348051879043714,0.025108598,0.026572712,0.019006306,1.0143363,0.08552647,0.28272343,,,3.5164459,Simbad,HD  41768,Star,B9III,,22.00298248118766,0.7592,"(0.22211425601054435, -0.5417808120958703, 1.1798692227344394)",(-0.5417808120958703),(0.22211425601054435),0.0251,1.116,3.516771324613186,-3.335,9.61,9.51,1.1798692227344394
3425498587661488768,92.30121953432521,23.89008880939932,187.01287622411758,2.0378955854753404,0.6008864336621167,1.7146057171888875,-0.7557786921511195,0.022510534,0.028749462,0.021236276,0.9488821,0.009429932,0.087239265,,,1.8737861,Simbad,HD 252321,Star,B1V,,14.815479710307478,0.6009,"(0.2393039504625073, -0.6810844833414179, 1.499440100231443)",(-0.6810844833414179),(0.2393039504625073),0.0225,1.715,1.8742361420130154,-0.756,9.35,9.35,1.499440100231443
3376972019928132608,93.81432134317681,22.30112625055116,189.0761026301349,2.4978600989874646,0.5485261236428204,0.15232185411775195,-1.6565039019815502,0.023273336,0.027370447,0.023739606,1.0412256,0.17140865,0.50803757,,,1.6634924,Simbad,V* LR Gem,PulsV*bCep,B0IV,,14.409837026005535,0.5485,"(0.311214158342845, -0.7015512783400448, 1.6537419369663415)",(-0.7015512783400448),(0.311214158342845),0.0233,0.152,1.6639569746057838,-1.657,9.05,8.84,1.6537419369663415
3376925084525521280,93.82299915492547,22.294941152739106,189.08536986413057,2.5019832746347674,0.5278097538225325,0.27333043573706933,-1.7376030887375098,0.02311212,0.029350337,0.021016058,1.032877,0.2079134,0.57480145,,,1.7589695,Simbad,BD+22  1244,Star,OB-,,15.833126329898572,0.5278,"(0.32361413451189847, -0.7288030747807644, 1.7186754136998015)",(-0.7288030747807644),(0.32361413451189847),0.0231,0.273,1.759310410501415,-1.738,10.6,10.0,1.7186754136998015
3377068158475713408,93.86459004479691,22.452077911433662,188.96526753870657,2.610497148869858,0.5250621719054258,0.8552695153248066,-1.8406152602845496,0.017652329,0.02223393,0.01759792,1.098118,0.3281374,0.852499,,,2.0296183,Simbad,HD 253954,Star,B,,18.361845695808615,0.5251,"(0.3200982111819005, -0.7318528366446465, 1.7287754938798485)",(-0.7318528366446465),(0.3200982111819005),0.0177,0.855,2.029853693007121,-1.841,10.05,9.51,1.7287754938798485
3376597670578452992,93.97065535570663,21.10208717439984,190.20095874710492,2.055712909737692,0.5667877479167365,0.20785428775930265,-2.034045099790925,0.025700709,0.027593803,0.018944344,0.9990193,0.084300995,0.28411484,,,2.0446377,Simbad,HD  43208,Star,B5,,17.134589287827623,0.5668,"(0.3373408773291523, -0.6712447851410631, 1.596356361171703)",(-0.6712447851410631),(0.3373408773291523),0.0257,0.208,2.044607406089942,-2.034,9.2,9.06,1.596356361171703
3425632109602903808,94.10437878069015,23.919517215701863,187.77579711878963,3.499973261311792,0.5641960448354997,0.4895020045864911,-1.3556985211981651,0.015888168,0.022005752,0.014744869,0.9068284,0.18954182,0.53367615,,,1.4413642,Simbad,HD 254152,V*,B8,,12.138656612721178,0.5642,"(0.2528986585987638, -0.678800594709042, 1.6176367495163406)",(-0.678800594709042),(0.2528986585987638),0.0159,0.49,1.4418168142258232,-1.356,10.9,10.6,1.6176367495163406
3432117716380866944,94.34608314978958,25.953461222806638,186.08045864587552,4.651233746156943,0.4742280223936919,0.435705194686265,-1.7474595497050043,0.04239206,0.031542514,0.027347265,0.9189487,0.103559494,0.32116222,,,1.8009591,Simbad,BD+25  1194,Star,OB-,,18.036222034580515,0.4742,"(0.22641697228109303, -0.8059367800047645, 1.93553630013674)",(-0.8059367800047645),(0.22641697228109303),0.0424,0.436,1.8005845630664092,-1.747,10.16,10.03,1.93553630013674
3375801314922453120,94.53773522602259,20.531899072732894,190.954777237919,2.252274833673875,0.578687635782853,0.34580172722943503,-2.675410504758064,0.023780422,0.025141636,0.018546388,1.0362527,0.08258629,0.27517414,,,2.6976657,Simbad,HD 254681,V*,B5,,22.13944862177023,0.5787,"(0.34676714318872776, -0.6409317540070371, 1.566837928112131)",(-0.6409317540070371),(0.34676714318872776),0.0238,0.346,2.6972840106180045,-2.675,10.25,10.01,1.566837928112131
3375801864678236672,94.58731326914786,20.566779035333187,190.9459595883343,2.30966922786533,0.5261502413312087,0.49305352244541034,-2.5580534278194804,0.021093003,0.022504935,0.016858635,0.95122814,0.090247154,0.2924719,,,2.605137,Simbad,HD 254728,V*,B8,,23.515971933056143,0.5262,"(0.3801802504354198, -0.703582619969466, 1.723955818990115)",(-0.703582619969466),(0.3801802504354198),0.0211,0.493,2.6050745996201687,-2.558,10.72,10.6,1.723955818990115
3377066023873341824,94.60544916476422,22.959508178619046,188.84110747311476,3.452637446976731,0.5620782181830647,0.5944810496712434,-1.6013763172890239,0.018203957,0.019782726,0.014114205,1.070509,0.23125076,0.6434355,,,1.708161,Simbad,HD 254700,Star,B5,,14.430338977899321,0.5621,"(0.2828429300487814, -0.6655802479716383, 1.6254218643173268)",(-0.6655802479716383),(0.2828429300487814),0.0182,0.594,1.7076407245827618,-1.601,10.16,9.83,1.6254218643173268
3377246313718987392,95.74267398433182,22.862810333204514,189.41756312481908,4.333464543321341,0.6425371766493588,0.28060944092651036,-2.5540529917853037,0.0155898,0.017817372,0.013905482,0.89358217,0.29980278,0.79504967,,,2.5694218,Simbad,HD 256035,Star,O9V:p,,18.99565086975935,0.6425,"(0.2489223026476071, -0.5556962496112459, 1.432369923352054)",(-0.5556962496112459),(0.2489223026476071),0.0156,0.281,2.569411656167633,-2.554,9.63,9.21,1.432369923352054
3377173058757220224,95.93839626758539,22.394038161729846,189.9180514719591,4.2759650172646175,0.6038193812982541,0.5834159003004774,-3.0787395855427073,0.018774517,0.020817384,0.016227584,0.98032314,0.06854534,0.24637127,,,3.1335301,Simbad,HD 256276,Star,B1.5:V:nn,,24.652394389925202,0.6038,"(0.2779920964496262, -0.5850794279508321, 1.5242461866589512)",(-0.5850794279508321),(0.2779920964496262),0.0188,0.583,3.1337085688575526,-3.079,9.35,9.24,1.5242461866589512
3383192953638670208,99.74755947660526,24.7312973910782,189.4068061881811,8.446385873253389,0.8987520906554765,1.6941362418217885,-3.6571375180774335,0.025592512,0.027161475,0.021212293,0.84950316,-0.023500443,-0.030400276,,,4.030478,Simbad,HD 261105,Star,B8,,21.299405695368087,0.8988,"(0.1376188420356334, -0.33438185796945874, 1.05219607551197)",(-0.33438185796945874),(0.1376188420356334),0.0256,1.694,4.030296035381582,-3.657,9.49,9.6,1.05219607551197
